﻿DROP TABLE IF EXISTS Players;
DROP TABLE IF EXISTS Matches;
DROP TABLE IF EXISTS Teams;



CREATE TABLE Teams(

   Team       VARCHAR(17) NOT NULL Primary key
  ,Manager    VARCHAR(20) NOT NULL
  ,Captain    VARCHAR(17) NOT NULL
  ,KitSponsor VARCHAR(12) NOT NULL
);

CREATE TABLE Matches(
	MatchID int IDENTITY(1,1) Primary key
	,Date          Varchar(10)
  ,HomeTeam      VARCHAR(17) NOT NULL
  ,AwayTeam      VARCHAR(17) NOT NULL
  ,HomeTeamGoals INTEGER  NOT NULL
  ,AwayTeamGoals INTEGER  NOT NULL
  ,Result        VARCHAR(1) NOT NULL
  ,Referee       VARCHAR(11) NOT NULL
  ,CONSTRAINT matches_FOREIGN_KEY_HOME Foreign key (HomeTeam) REFERENCES teams (Team)
  ,CONSTRAINT matches_FOREIGN_KEY_AWAY Foreign key (AwayTeam) REFERENCES teams (Team)
  
);



CREATE TABLE Players(
PlayerID int IDENTITY(1,1) Primary key
   ,Name        VARCHAR(24) NOT NULL
  ,Club        VARCHAR(17) NOT NULL
  ,Age         INTEGER  NOT NULL
  ,Position    VARCHAR(2) NOT NULL
  ,Nationality VARCHAR(19) NOT NULL
  ,CONSTRAINT players_FOREIGN_KEY Foreign key (club) REFERENCES teams (Team)
);
INSERT INTO teams(Team,Manager,Captain,KitSponsor) VALUES ('Arsenal','Arsene Wenger','Per Mertesacker','Puma');
INSERT INTO teams(Team,Manager,Captain,KitSponsor) VALUES ('Bournemouth','Eddie Howe','Simon Francis','Umbro');
INSERT INTO teams(Team,Manager,Captain,KitSponsor) VALUES ('Brighton','Chris Hughton','Bruno','Nike');
INSERT INTO teams(Team,Manager,Captain,KitSponsor) VALUES ('Burnley','Sean Dyche','Tom Heaton','Puma');
INSERT INTO teams(Team,Manager,Captain,KitSponsor) VALUES ('Chelsea','Antonio Conte','Gary Cahill','Nike');
INSERT INTO teams(Team,Manager,Captain,KitSponsor) VALUES ('Crystal Palace','Roy Hodgson','Jason Puncheon','Macron');
INSERT INTO teams(Team,Manager,Captain,KitSponsor) VALUES ('Everton','Sam Allardyce','Phil Jagielka','Umbro');
INSERT INTO teams(Team,Manager,Captain,KitSponsor) VALUES ('Huddersfield','David Wagner','Tommy Smith','Puma');
INSERT INTO teams(Team,Manager,Captain,KitSponsor) VALUES ('Leicester','Claude Puel','Wes Morgan','Puma');
INSERT INTO teams(Team,Manager,Captain,KitSponsor) VALUES ('Liverpool','Jurgen Klopp','Jordan Henderson','New Balance');
INSERT INTO teams(Team,Manager,Captain,KitSponsor) VALUES ('Manchester City','Pep Guardiola','Vincent Kompany','Nike');
INSERT INTO teams(Team,Manager,Captain,KitSponsor) VALUES ('Manchester United','Jose Mourinho','Michael Carrick','Adidas');
INSERT INTO teams(Team,Manager,Captain,KitSponsor) VALUES ('Newcastle United','Rafael Benitez','Jamaal Lascelles','Puma');
INSERT INTO teams(Team,Manager,Captain,KitSponsor) VALUES ('Southampton','Mark Hughes','Steven Davis','Under Armour');
INSERT INTO teams(Team,Manager,Captain,KitSponsor) VALUES ('Stoke City','Paul Lambert','Ryan Shawcross','Macron');
INSERT INTO teams(Team,Manager,Captain,KitSponsor) VALUES ('Swansea City','Carlos Carvalhal','Angel Rangel','Joma');
INSERT INTO teams(Team,Manager,Captain,KitSponsor) VALUES ('Tottenham','Mauricio Pochettino','Hugo Lloris','Nike');
INSERT INTO teams(Team,Manager,Captain,KitSponsor) VALUES ('Watford','Javi Gracia','Troy Deeney','Adidas');
INSERT INTO teams(Team,Manager,Captain,KitSponsor) VALUES ('West Brom','Darren Moore','Jonny Evans','Adidas');
INSERT INTO teams(Team,Manager,Captain,KitSponsor) VALUES ('West Ham','David Moyes','Mark Noble','Umbro');





INSERT INTO matches(Date,HomeTeam,AwayTeam,HomeTeamGoals,AwayTeamGoals,Result,Referee) VALUES ('11/08/2017','Arsenal','Leicester',4,3,'H','M Dean');
INSERT INTO matches(Date,HomeTeam,AwayTeam,HomeTeamGoals,AwayTeamGoals,Result,Referee) VALUES ('12/08/2017','Brighton','Manchester City',0,2,'A','M Oliver');
INSERT INTO matches(Date,HomeTeam,AwayTeam,HomeTeamGoals,AwayTeamGoals,Result,Referee) VALUES ('12/08/2017','Chelsea','Burnley',2,3,'A','C Pawson');
INSERT INTO matches(Date,HomeTeam,AwayTeam,HomeTeamGoals,AwayTeamGoals,Result,Referee) VALUES ('12/08/2017','Crystal Palace','Huddersfield',0,3,'A','J Moss');
INSERT INTO matches(Date,HomeTeam,AwayTeam,HomeTeamGoals,AwayTeamGoals,Result,Referee) VALUES ('12/08/2017','Everton','Stoke City',1,0,'H','N Swarbrick');
INSERT INTO matches(Date,HomeTeam,AwayTeam,HomeTeamGoals,AwayTeamGoals,Result,Referee) VALUES ('12/08/2017','Southampton','Swansea City',0,0,'D','M Jones');
INSERT INTO matches(Date,HomeTeam,AwayTeam,HomeTeamGoals,AwayTeamGoals,Result,Referee) VALUES ('12/08/2017','Watford','Liverpool',3,3,'D','A Taylor');
INSERT INTO matches(Date,HomeTeam,AwayTeam,HomeTeamGoals,AwayTeamGoals,Result,Referee) VALUES ('12/08/2017','West Brom','Bournemouth',1,0,'H','R Madley');
INSERT INTO matches(Date,HomeTeam,AwayTeam,HomeTeamGoals,AwayTeamGoals,Result,Referee) VALUES ('13/08/2017','Manchester United','West Ham',4,0,'H','M Atkinson');
INSERT INTO matches(Date,HomeTeam,AwayTeam,HomeTeamGoals,AwayTeamGoals,Result,Referee) VALUES ('13/08/2017','Newcastle United','Tottenham',0,2,'A','A Marriner');
INSERT INTO matches(Date,HomeTeam,AwayTeam,HomeTeamGoals,AwayTeamGoals,Result,Referee) VALUES ('19/08/2017','Bournemouth','Watford',0,2,'A','R East');
INSERT INTO matches(Date,HomeTeam,AwayTeam,HomeTeamGoals,AwayTeamGoals,Result,Referee) VALUES ('19/08/2017','Burnley','West Brom',0,1,'A','M Atkinson');
INSERT INTO matches(Date,HomeTeam,AwayTeam,HomeTeamGoals,AwayTeamGoals,Result,Referee) VALUES ('19/08/2017','Leicester','Brighton',2,0,'H','L Probert');
INSERT INTO matches(Date,HomeTeam,AwayTeam,HomeTeamGoals,AwayTeamGoals,Result,Referee) VALUES ('19/08/2017','Liverpool','Crystal Palace',1,0,'H','K Friend');
INSERT INTO matches(Date,HomeTeam,AwayTeam,HomeTeamGoals,AwayTeamGoals,Result,Referee) VALUES ('19/08/2017','Southampton','West Ham',3,2,'H','L Mason');
INSERT INTO matches(Date,HomeTeam,AwayTeam,HomeTeamGoals,AwayTeamGoals,Result,Referee) VALUES ('19/08/2017','Stoke City','Arsenal',1,0,'H','A Marriner');
INSERT INTO matches(Date,HomeTeam,AwayTeam,HomeTeamGoals,AwayTeamGoals,Result,Referee) VALUES ('19/08/2017','Swansea City','Manchester United',0,4,'A','J Moss');
INSERT INTO matches(Date,HomeTeam,AwayTeam,HomeTeamGoals,AwayTeamGoals,Result,Referee) VALUES ('20/08/2017','Huddersfield','Newcastle United',1,0,'H','C Pawson');
INSERT INTO matches(Date,HomeTeam,AwayTeam,HomeTeamGoals,AwayTeamGoals,Result,Referee) VALUES ('20/08/2017','Tottenham','Chelsea',1,2,'A','A Taylor');
INSERT INTO matches(Date,HomeTeam,AwayTeam,HomeTeamGoals,AwayTeamGoals,Result,Referee) VALUES ('21/08/2017','Manchester City','Everton',1,1,'D','R Madley');
INSERT INTO matches(Date,HomeTeam,AwayTeam,HomeTeamGoals,AwayTeamGoals,Result,Referee) VALUES ('26/08/2017','Bournemouth','Manchester City',1,2,'A','M Dean');
INSERT INTO matches(Date,HomeTeam,AwayTeam,HomeTeamGoals,AwayTeamGoals,Result,Referee) VALUES ('26/08/2017','Crystal Palace','Swansea City',0,2,'A','A Marriner');
INSERT INTO matches(Date,HomeTeam,AwayTeam,HomeTeamGoals,AwayTeamGoals,Result,Referee) VALUES ('26/08/2017','Huddersfield','Southampton',0,0,'D','S Attwell');
INSERT INTO matches(Date,HomeTeam,AwayTeam,HomeTeamGoals,AwayTeamGoals,Result,Referee) VALUES ('26/08/2017','Manchester United','Leicester',2,0,'H','M Oliver');
INSERT INTO matches(Date,HomeTeam,AwayTeam,HomeTeamGoals,AwayTeamGoals,Result,Referee) VALUES ('26/08/2017','Newcastle United','West Ham',3,0,'H','N Swarbrick');
INSERT INTO matches(Date,HomeTeam,AwayTeam,HomeTeamGoals,AwayTeamGoals,Result,Referee) VALUES ('26/08/2017','Watford','Brighton',0,0,'D','G Scott');
INSERT INTO matches(Date,HomeTeam,AwayTeam,HomeTeamGoals,AwayTeamGoals,Result,Referee) VALUES ('27/08/2017','Chelsea','Everton',2,0,'H','J Moss');
INSERT INTO matches(Date,HomeTeam,AwayTeam,HomeTeamGoals,AwayTeamGoals,Result,Referee) VALUES ('27/08/2017','Liverpool','Arsenal',4,0,'H','C Pawson');
INSERT INTO matches(Date,HomeTeam,AwayTeam,HomeTeamGoals,AwayTeamGoals,Result,Referee) VALUES ('27/08/2017','Tottenham','Burnley',1,1,'D','L Mason');
INSERT INTO matches(Date,HomeTeam,AwayTeam,HomeTeamGoals,AwayTeamGoals,Result,Referee) VALUES ('27/08/2017','West Brom','Stoke City',1,1,'D','A Taylor');
INSERT INTO matches(Date,HomeTeam,AwayTeam,HomeTeamGoals,AwayTeamGoals,Result,Referee) VALUES ('09/09/2017','Arsenal','Bournemouth',3,0,'H','A Taylor');
INSERT INTO matches(Date,HomeTeam,AwayTeam,HomeTeamGoals,AwayTeamGoals,Result,Referee) VALUES ('09/09/2017','Brighton','West Brom',3,1,'H','C Kavanagh');
INSERT INTO matches(Date,HomeTeam,AwayTeam,HomeTeamGoals,AwayTeamGoals,Result,Referee) VALUES ('09/09/2017','Everton','Tottenham',0,3,'A','G Scott');
INSERT INTO matches(Date,HomeTeam,AwayTeam,HomeTeamGoals,AwayTeamGoals,Result,Referee) VALUES ('09/09/2017','Leicester','Chelsea',1,2,'A','L Mason');
INSERT INTO matches(Date,HomeTeam,AwayTeam,HomeTeamGoals,AwayTeamGoals,Result,Referee) VALUES ('09/09/2017','Manchester City','Liverpool',5,0,'H','J Moss');
INSERT INTO matches(Date,HomeTeam,AwayTeam,HomeTeamGoals,AwayTeamGoals,Result,Referee) VALUES ('09/09/2017','Southampton','Watford',0,2,'A','L Probert');
INSERT INTO matches(Date,HomeTeam,AwayTeam,HomeTeamGoals,AwayTeamGoals,Result,Referee) VALUES ('09/09/2017','Stoke City','Manchester United',2,2,'D','N Swarbrick');
INSERT INTO matches(Date,HomeTeam,AwayTeam,HomeTeamGoals,AwayTeamGoals,Result,Referee) VALUES ('10/09/2017','Burnley','Crystal Palace',1,0,'H','M Oliver');
INSERT INTO matches(Date,HomeTeam,AwayTeam,HomeTeamGoals,AwayTeamGoals,Result,Referee) VALUES ('10/09/2017','Swansea City','Newcastle United',0,1,'A','M Jones');
INSERT INTO matches(Date,HomeTeam,AwayTeam,HomeTeamGoals,AwayTeamGoals,Result,Referee) VALUES ('11/09/2017','West Ham','Huddersfield',2,0,'H','K Friend');
INSERT INTO matches(Date,HomeTeam,AwayTeam,HomeTeamGoals,AwayTeamGoals,Result,Referee) VALUES ('15/09/2017','Bournemouth','Brighton',2,1,'H','C Pawson');
INSERT INTO matches(Date,HomeTeam,AwayTeam,HomeTeamGoals,AwayTeamGoals,Result,Referee) VALUES ('16/09/2017','Crystal Palace','Southampton',0,1,'A','R Madley');
INSERT INTO matches(Date,HomeTeam,AwayTeam,HomeTeamGoals,AwayTeamGoals,Result,Referee) VALUES ('16/09/2017','Huddersfield','Leicester',1,1,'D','J Moss');
INSERT INTO matches(Date,HomeTeam,AwayTeam,HomeTeamGoals,AwayTeamGoals,Result,Referee) VALUES ('16/09/2017','Liverpool','Burnley',1,1,'D','R East');
INSERT INTO matches(Date,HomeTeam,AwayTeam,HomeTeamGoals,AwayTeamGoals,Result,Referee) VALUES ('16/09/2017','Newcastle United','Stoke City',2,1,'H','S Attwell');
INSERT INTO matches(Date,HomeTeam,AwayTeam,HomeTeamGoals,AwayTeamGoals,Result,Referee) VALUES ('16/09/2017','Tottenham','Swansea City',0,0,'D','M Dean');
INSERT INTO matches(Date,HomeTeam,AwayTeam,HomeTeamGoals,AwayTeamGoals,Result,Referee) VALUES ('16/09/2017','Watford','Manchester City',0,6,'A','A Taylor');
INSERT INTO matches(Date,HomeTeam,AwayTeam,HomeTeamGoals,AwayTeamGoals,Result,Referee) VALUES ('16/09/2017','West Brom','West Ham',0,0,'D','P Tierney');
INSERT INTO matches(Date,HomeTeam,AwayTeam,HomeTeamGoals,AwayTeamGoals,Result,Referee) VALUES ('17/09/2017','Chelsea','Arsenal',0,0,'D','M Oliver');
INSERT INTO matches(Date,HomeTeam,AwayTeam,HomeTeamGoals,AwayTeamGoals,Result,Referee) VALUES ('17/09/2017','Manchester United','Everton',4,0,'H','A Marriner');
INSERT INTO matches(Date,HomeTeam,AwayTeam,HomeTeamGoals,AwayTeamGoals,Result,Referee) VALUES ('23/09/2017','Burnley','Huddersfield',0,0,'D','C Kavanagh');
INSERT INTO matches(Date,HomeTeam,AwayTeam,HomeTeamGoals,AwayTeamGoals,Result,Referee) VALUES ('23/09/2017','Everton','Bournemouth',2,1,'H','M Atkinson');
INSERT INTO matches(Date,HomeTeam,AwayTeam,HomeTeamGoals,AwayTeamGoals,Result,Referee) VALUES ('23/09/2017','Leicester','Liverpool',2,3,'A','A Taylor');
INSERT INTO matches(Date,HomeTeam,AwayTeam,HomeTeamGoals,AwayTeamGoals,Result,Referee) VALUES ('23/09/2017','Manchester City','Crystal Palace',5,0,'H','N Swarbrick');
INSERT INTO matches(Date,HomeTeam,AwayTeam,HomeTeamGoals,AwayTeamGoals,Result,Referee) VALUES ('23/09/2017','Southampton','Manchester United',0,1,'A','C Pawson');
INSERT INTO matches(Date,HomeTeam,AwayTeam,HomeTeamGoals,AwayTeamGoals,Result,Referee) VALUES ('23/09/2017','Stoke City','Chelsea',0,4,'A','M Dean');
INSERT INTO matches(Date,HomeTeam,AwayTeam,HomeTeamGoals,AwayTeamGoals,Result,Referee) VALUES ('23/09/2017','Swansea City','Watford',1,2,'A','L Mason');
INSERT INTO matches(Date,HomeTeam,AwayTeam,HomeTeamGoals,AwayTeamGoals,Result,Referee) VALUES ('23/09/2017','West Ham','Tottenham',2,3,'A','M Oliver');
INSERT INTO matches(Date,HomeTeam,AwayTeam,HomeTeamGoals,AwayTeamGoals,Result,Referee) VALUES ('24/09/2017','Brighton','Newcastle United',1,0,'H','A Marriner');
INSERT INTO matches(Date,HomeTeam,AwayTeam,HomeTeamGoals,AwayTeamGoals,Result,Referee) VALUES ('25/09/2017','Arsenal','West Brom',2,0,'H','R Madley');
INSERT INTO matches(Date,HomeTeam,AwayTeam,HomeTeamGoals,AwayTeamGoals,Result,Referee) VALUES ('30/09/2017','Bournemouth','Leicester',0,0,'D','G Scott');
INSERT INTO matches(Date,HomeTeam,AwayTeam,HomeTeamGoals,AwayTeamGoals,Result,Referee) VALUES ('30/09/2017','Chelsea','Manchester City',0,1,'A','M Atkinson');
INSERT INTO matches(Date,HomeTeam,AwayTeam,HomeTeamGoals,AwayTeamGoals,Result,Referee) VALUES ('30/09/2017','Huddersfield','Tottenham',0,4,'A','N Swarbrick');
INSERT INTO matches(Date,HomeTeam,AwayTeam,HomeTeamGoals,AwayTeamGoals,Result,Referee) VALUES ('30/09/2017','Manchester United','Crystal Palace',4,0,'H','M Dean');
INSERT INTO matches(Date,HomeTeam,AwayTeam,HomeTeamGoals,AwayTeamGoals,Result,Referee) VALUES ('30/09/2017','Stoke City','Southampton',2,1,'H','M Jones');
INSERT INTO matches(Date,HomeTeam,AwayTeam,HomeTeamGoals,AwayTeamGoals,Result,Referee) VALUES ('30/09/2017','West Brom','Watford',2,2,'D','M Oliver');
INSERT INTO matches(Date,HomeTeam,AwayTeam,HomeTeamGoals,AwayTeamGoals,Result,Referee) VALUES ('30/09/2017','West Ham','Swansea City',1,0,'H','R East');
INSERT INTO matches(Date,HomeTeam,AwayTeam,HomeTeamGoals,AwayTeamGoals,Result,Referee) VALUES ('01/10/2017','Arsenal','Brighton',2,0,'H','K Friend');
INSERT INTO matches(Date,HomeTeam,AwayTeam,HomeTeamGoals,AwayTeamGoals,Result,Referee) VALUES ('01/10/2017','Everton','Burnley',0,1,'A','J Moss');
INSERT INTO matches(Date,HomeTeam,AwayTeam,HomeTeamGoals,AwayTeamGoals,Result,Referee) VALUES ('01/10/2017','Newcastle United','Liverpool',1,1,'D','C Pawson');
INSERT INTO matches(Date,HomeTeam,AwayTeam,HomeTeamGoals,AwayTeamGoals,Result,Referee) VALUES ('14/10/2017','Burnley','West Ham',1,1,'D','S Attwell');
INSERT INTO matches(Date,HomeTeam,AwayTeam,HomeTeamGoals,AwayTeamGoals,Result,Referee) VALUES ('14/10/2017','Crystal Palace','Chelsea',2,1,'H','A Marriner');
INSERT INTO matches(Date,HomeTeam,AwayTeam,HomeTeamGoals,AwayTeamGoals,Result,Referee) VALUES ('14/10/2017','Liverpool','Manchester United',0,0,'D','M Atkinson');
INSERT INTO matches(Date,HomeTeam,AwayTeam,HomeTeamGoals,AwayTeamGoals,Result,Referee) VALUES ('14/10/2017','Manchester City','Stoke City',7,2,'H','C Pawson');
INSERT INTO matches(Date,HomeTeam,AwayTeam,HomeTeamGoals,AwayTeamGoals,Result,Referee) VALUES ('14/10/2017','Swansea City','Huddersfield',2,0,'H','P Tierney');
INSERT INTO matches(Date,HomeTeam,AwayTeam,HomeTeamGoals,AwayTeamGoals,Result,Referee) VALUES ('14/10/2017','Tottenham','Bournemouth',1,0,'H','R Madley');
INSERT INTO matches(Date,HomeTeam,AwayTeam,HomeTeamGoals,AwayTeamGoals,Result,Referee) VALUES ('14/10/2017','Watford','Arsenal',2,1,'H','N Swarbrick');
INSERT INTO matches(Date,HomeTeam,AwayTeam,HomeTeamGoals,AwayTeamGoals,Result,Referee) VALUES ('15/10/2017','Brighton','Everton',1,1,'D','M Oliver');
INSERT INTO matches(Date,HomeTeam,AwayTeam,HomeTeamGoals,AwayTeamGoals,Result,Referee) VALUES ('15/10/2017','Southampton','Newcastle United',2,2,'D','K Friend');
INSERT INTO matches(Date,HomeTeam,AwayTeam,HomeTeamGoals,AwayTeamGoals,Result,Referee) VALUES ('16/10/2017','Leicester','West Brom',1,1,'D','M Dean');
INSERT INTO matches(Date,HomeTeam,AwayTeam,HomeTeamGoals,AwayTeamGoals,Result,Referee) VALUES ('20/10/2017','West Ham','Brighton',0,3,'A','M Atkinson');
INSERT INTO matches(Date,HomeTeam,AwayTeam,HomeTeamGoals,AwayTeamGoals,Result,Referee) VALUES ('21/10/2017','Chelsea','Watford',4,2,'H','J Moss');
INSERT INTO matches(Date,HomeTeam,AwayTeam,HomeTeamGoals,AwayTeamGoals,Result,Referee) VALUES ('21/10/2017','Huddersfield','Manchester United',2,1,'H','L Mason');
INSERT INTO matches(Date,HomeTeam,AwayTeam,HomeTeamGoals,AwayTeamGoals,Result,Referee) VALUES ('21/10/2017','Manchester City','Burnley',3,0,'H','R East');
INSERT INTO matches(Date,HomeTeam,AwayTeam,HomeTeamGoals,AwayTeamGoals,Result,Referee) VALUES ('21/10/2017','Newcastle United','Crystal Palace',1,0,'H','S Attwell');
INSERT INTO matches(Date,HomeTeam,AwayTeam,HomeTeamGoals,AwayTeamGoals,Result,Referee) VALUES ('21/10/2017','Southampton','West Brom',1,0,'H','G Scott');
INSERT INTO matches(Date,HomeTeam,AwayTeam,HomeTeamGoals,AwayTeamGoals,Result,Referee) VALUES ('21/10/2017','Stoke City','Bournemouth',1,2,'A','L Probert');
INSERT INTO matches(Date,HomeTeam,AwayTeam,HomeTeamGoals,AwayTeamGoals,Result,Referee) VALUES ('21/10/2017','Swansea City','Leicester',1,2,'A','M Oliver');
INSERT INTO matches(Date,HomeTeam,AwayTeam,HomeTeamGoals,AwayTeamGoals,Result,Referee) VALUES ('22/10/2017','Everton','Arsenal',2,5,'A','C Pawson');
INSERT INTO matches(Date,HomeTeam,AwayTeam,HomeTeamGoals,AwayTeamGoals,Result,Referee) VALUES ('22/10/2017','Tottenham','Liverpool',4,1,'H','A Marriner');
INSERT INTO matches(Date,HomeTeam,AwayTeam,HomeTeamGoals,AwayTeamGoals,Result,Referee) VALUES ('28/10/2017','Arsenal','Swansea City',2,1,'H','L Mason');
INSERT INTO matches(Date,HomeTeam,AwayTeam,HomeTeamGoals,AwayTeamGoals,Result,Referee) VALUES ('28/10/2017','Bournemouth','Chelsea',0,1,'A','C Pawson');
INSERT INTO matches(Date,HomeTeam,AwayTeam,HomeTeamGoals,AwayTeamGoals,Result,Referee) VALUES ('28/10/2017','Crystal Palace','West Ham',2,2,'D','R Madley');
INSERT INTO matches(Date,HomeTeam,AwayTeam,HomeTeamGoals,AwayTeamGoals,Result,Referee) VALUES ('28/10/2017','Liverpool','Huddersfield',3,0,'H','K Friend');
INSERT INTO matches(Date,HomeTeam,AwayTeam,HomeTeamGoals,AwayTeamGoals,Result,Referee) VALUES ('28/10/2017','Manchester United','Tottenham',1,0,'H','J Moss');
INSERT INTO matches(Date,HomeTeam,AwayTeam,HomeTeamGoals,AwayTeamGoals,Result,Referee) VALUES ('28/10/2017','Watford','Stoke City',0,1,'A','M Oliver');
INSERT INTO matches(Date,HomeTeam,AwayTeam,HomeTeamGoals,AwayTeamGoals,Result,Referee) VALUES ('28/10/2017','West Brom','Manchester City',2,3,'A','M Jones');
INSERT INTO matches(Date,HomeTeam,AwayTeam,HomeTeamGoals,AwayTeamGoals,Result,Referee) VALUES ('29/10/2017','Brighton','Southampton',1,1,'D','N Swarbrick');
INSERT INTO matches(Date,HomeTeam,AwayTeam,HomeTeamGoals,AwayTeamGoals,Result,Referee) VALUES ('29/10/2017','Leicester','Everton',2,0,'H','A Marriner');
INSERT INTO matches(Date,HomeTeam,AwayTeam,HomeTeamGoals,AwayTeamGoals,Result,Referee) VALUES ('30/10/2017','Burnley','Newcastle United',1,0,'H','M Dean');
INSERT INTO matches(Date,HomeTeam,AwayTeam,HomeTeamGoals,AwayTeamGoals,Result,Referee) VALUES ('04/11/2017','Huddersfield','West Brom',1,0,'H','R East');
INSERT INTO matches(Date,HomeTeam,AwayTeam,HomeTeamGoals,AwayTeamGoals,Result,Referee) VALUES ('04/11/2017','Newcastle United','Bournemouth',0,1,'A','P Tierney');
INSERT INTO matches(Date,HomeTeam,AwayTeam,HomeTeamGoals,AwayTeamGoals,Result,Referee) VALUES ('04/11/2017','Southampton','Burnley',0,1,'A','L Probert');
INSERT INTO matches(Date,HomeTeam,AwayTeam,HomeTeamGoals,AwayTeamGoals,Result,Referee) VALUES ('04/11/2017','Stoke City','Leicester',2,2,'D','R Madley');
INSERT INTO matches(Date,HomeTeam,AwayTeam,HomeTeamGoals,AwayTeamGoals,Result,Referee) VALUES ('04/11/2017','Swansea City','Brighton',0,1,'A','M Dean');
INSERT INTO matches(Date,HomeTeam,AwayTeam,HomeTeamGoals,AwayTeamGoals,Result,Referee) VALUES ('04/11/2017','West Ham','Liverpool',1,4,'A','N Swarbrick');
INSERT INTO matches(Date,HomeTeam,AwayTeam,HomeTeamGoals,AwayTeamGoals,Result,Referee) VALUES ('05/11/2017','Chelsea','Manchester United',1,0,'H','A Taylor');
INSERT INTO matches(Date,HomeTeam,AwayTeam,HomeTeamGoals,AwayTeamGoals,Result,Referee) VALUES ('05/11/2017','Everton','Watford',3,2,'H','G Scott');
INSERT INTO matches(Date,HomeTeam,AwayTeam,HomeTeamGoals,AwayTeamGoals,Result,Referee) VALUES ('05/11/2017','Manchester City','Arsenal',3,1,'H','M Oliver');
INSERT INTO matches(Date,HomeTeam,AwayTeam,HomeTeamGoals,AwayTeamGoals,Result,Referee) VALUES ('05/11/2017','Tottenham','Crystal Palace',1,0,'H','K Friend');
INSERT INTO matches(Date,HomeTeam,AwayTeam,HomeTeamGoals,AwayTeamGoals,Result,Referee) VALUES ('18/11/2017','Arsenal','Tottenham',2,0,'H','M Dean');
INSERT INTO matches(Date,HomeTeam,AwayTeam,HomeTeamGoals,AwayTeamGoals,Result,Referee) VALUES ('18/11/2017','Bournemouth','Huddersfield',4,0,'H','L Probert');
INSERT INTO matches(Date,HomeTeam,AwayTeam,HomeTeamGoals,AwayTeamGoals,Result,Referee) VALUES ('18/11/2017','Burnley','Swansea City',2,0,'H','M Atkinson');
INSERT INTO matches(Date,HomeTeam,AwayTeam,HomeTeamGoals,AwayTeamGoals,Result,Referee) VALUES ('18/11/2017','Crystal Palace','Everton',2,2,'D','A Taylor');
INSERT INTO matches(Date,HomeTeam,AwayTeam,HomeTeamGoals,AwayTeamGoals,Result,Referee) VALUES ('18/11/2017','Leicester','Manchester City',0,2,'A','G Scott');
INSERT INTO matches(Date,HomeTeam,AwayTeam,HomeTeamGoals,AwayTeamGoals,Result,Referee) VALUES ('18/11/2017','Liverpool','Southampton',3,0,'H','M Jones');
INSERT INTO matches(Date,HomeTeam,AwayTeam,HomeTeamGoals,AwayTeamGoals,Result,Referee) VALUES ('18/11/2017','Manchester United','Newcastle United',4,1,'H','C Pawson');
INSERT INTO matches(Date,HomeTeam,AwayTeam,HomeTeamGoals,AwayTeamGoals,Result,Referee) VALUES ('18/11/2017','West Brom','Chelsea',0,4,'A','J Moss');
INSERT INTO matches(Date,HomeTeam,AwayTeam,HomeTeamGoals,AwayTeamGoals,Result,Referee) VALUES ('19/11/2017','Watford','West Ham',2,0,'H','A Marriner');
INSERT INTO matches(Date,HomeTeam,AwayTeam,HomeTeamGoals,AwayTeamGoals,Result,Referee) VALUES ('20/11/2017','Brighton','Stoke City',2,2,'D','L Mason');
INSERT INTO matches(Date,HomeTeam,AwayTeam,HomeTeamGoals,AwayTeamGoals,Result,Referee) VALUES ('24/11/2017','West Ham','Leicester',1,1,'D','M Atkinson');
INSERT INTO matches(Date,HomeTeam,AwayTeam,HomeTeamGoals,AwayTeamGoals,Result,Referee) VALUES ('25/11/2017','Crystal Palace','Stoke City',2,1,'H','M Dean');
INSERT INTO matches(Date,HomeTeam,AwayTeam,HomeTeamGoals,AwayTeamGoals,Result,Referee) VALUES ('25/11/2017','Liverpool','Chelsea',1,1,'D','M Oliver');
INSERT INTO matches(Date,HomeTeam,AwayTeam,HomeTeamGoals,AwayTeamGoals,Result,Referee) VALUES ('25/11/2017','Manchester United','Brighton',1,0,'H','N Swarbrick');
INSERT INTO matches(Date,HomeTeam,AwayTeam,HomeTeamGoals,AwayTeamGoals,Result,Referee) VALUES ('25/11/2017','Newcastle United','Watford',0,3,'A','C Kavanagh');
INSERT INTO matches(Date,HomeTeam,AwayTeam,HomeTeamGoals,AwayTeamGoals,Result,Referee) VALUES ('25/11/2017','Swansea City','Bournemouth',0,0,'D','S Attwell');
INSERT INTO matches(Date,HomeTeam,AwayTeam,HomeTeamGoals,AwayTeamGoals,Result,Referee) VALUES ('25/11/2017','Tottenham','West Brom',1,1,'D','M Jones');
INSERT INTO matches(Date,HomeTeam,AwayTeam,HomeTeamGoals,AwayTeamGoals,Result,Referee) VALUES ('26/11/2017','Burnley','Arsenal',0,1,'A','L Mason');
INSERT INTO matches(Date,HomeTeam,AwayTeam,HomeTeamGoals,AwayTeamGoals,Result,Referee) VALUES ('26/11/2017','Huddersfield','Manchester City',1,2,'A','C Pawson');
INSERT INTO matches(Date,HomeTeam,AwayTeam,HomeTeamGoals,AwayTeamGoals,Result,Referee) VALUES ('26/11/2017','Southampton','Everton',4,1,'H','K Friend');
INSERT INTO matches(Date,HomeTeam,AwayTeam,HomeTeamGoals,AwayTeamGoals,Result,Referee) VALUES ('28/11/2017','Brighton','Crystal Palace',0,0,'D','A Marriner');
INSERT INTO matches(Date,HomeTeam,AwayTeam,HomeTeamGoals,AwayTeamGoals,Result,Referee) VALUES ('28/11/2017','Leicester','Tottenham',2,1,'H','A Taylor');
INSERT INTO matches(Date,HomeTeam,AwayTeam,HomeTeamGoals,AwayTeamGoals,Result,Referee) VALUES ('28/11/2017','Watford','Manchester United',2,4,'A','J Moss');
INSERT INTO matches(Date,HomeTeam,AwayTeam,HomeTeamGoals,AwayTeamGoals,Result,Referee) VALUES ('28/11/2017','West Brom','Newcastle United',2,2,'D','L Probert');
INSERT INTO matches(Date,HomeTeam,AwayTeam,HomeTeamGoals,AwayTeamGoals,Result,Referee) VALUES ('29/11/2017','Arsenal','Huddersfield',5,0,'H','G Scott');
INSERT INTO matches(Date,HomeTeam,AwayTeam,HomeTeamGoals,AwayTeamGoals,Result,Referee) VALUES ('29/11/2017','Bournemouth','Burnley',1,2,'A','R East');
INSERT INTO matches(Date,HomeTeam,AwayTeam,HomeTeamGoals,AwayTeamGoals,Result,Referee) VALUES ('29/11/2017','Chelsea','Swansea City',1,0,'H','N Swarbrick');
INSERT INTO matches(Date,HomeTeam,AwayTeam,HomeTeamGoals,AwayTeamGoals,Result,Referee) VALUES ('29/11/2017','Everton','West Ham',4,0,'H','M Oliver');
INSERT INTO matches(Date,HomeTeam,AwayTeam,HomeTeamGoals,AwayTeamGoals,Result,Referee) VALUES ('29/11/2017','Manchester City','Southampton',2,1,'H','P Tierney');
INSERT INTO matches(Date,HomeTeam,AwayTeam,HomeTeamGoals,AwayTeamGoals,Result,Referee) VALUES ('29/11/2017','Stoke City','Liverpool',0,3,'A','M Atkinson');
INSERT INTO matches(Date,HomeTeam,AwayTeam,HomeTeamGoals,AwayTeamGoals,Result,Referee) VALUES ('02/12/2017','Arsenal','Manchester United',1,3,'A','A Marriner');
INSERT INTO matches(Date,HomeTeam,AwayTeam,HomeTeamGoals,AwayTeamGoals,Result,Referee) VALUES ('02/12/2017','Brighton','Liverpool',1,5,'A','G Scott');
INSERT INTO matches(Date,HomeTeam,AwayTeam,HomeTeamGoals,AwayTeamGoals,Result,Referee) VALUES ('02/12/2017','Chelsea','Newcastle United',3,1,'H','K Friend');
INSERT INTO matches(Date,HomeTeam,AwayTeam,HomeTeamGoals,AwayTeamGoals,Result,Referee) VALUES ('02/12/2017','Everton','Huddersfield',2,0,'H','C Kavanagh');
INSERT INTO matches(Date,HomeTeam,AwayTeam,HomeTeamGoals,AwayTeamGoals,Result,Referee) VALUES ('02/12/2017','Leicester','Burnley',1,0,'H','P Tierney');
INSERT INTO matches(Date,HomeTeam,AwayTeam,HomeTeamGoals,AwayTeamGoals,Result,Referee) VALUES ('02/12/2017','Stoke City','Swansea City',2,1,'H','C Pawson');
INSERT INTO matches(Date,HomeTeam,AwayTeam,HomeTeamGoals,AwayTeamGoals,Result,Referee) VALUES ('02/12/2017','Watford','Tottenham',1,1,'D','M Atkinson');
INSERT INTO matches(Date,HomeTeam,AwayTeam,HomeTeamGoals,AwayTeamGoals,Result,Referee) VALUES ('02/12/2017','West Brom','Crystal Palace',0,0,'D','M Oliver');
INSERT INTO matches(Date,HomeTeam,AwayTeam,HomeTeamGoals,AwayTeamGoals,Result,Referee) VALUES ('03/12/2017','Bournemouth','Southampton',1,1,'D','J Moss');
INSERT INTO matches(Date,HomeTeam,AwayTeam,HomeTeamGoals,AwayTeamGoals,Result,Referee) VALUES ('03/12/2017','Manchester City','West Ham',2,1,'H','M Dean');
INSERT INTO matches(Date,HomeTeam,AwayTeam,HomeTeamGoals,AwayTeamGoals,Result,Referee) VALUES ('09/12/2017','Burnley','Watford',1,0,'H','L Probert');
INSERT INTO matches(Date,HomeTeam,AwayTeam,HomeTeamGoals,AwayTeamGoals,Result,Referee) VALUES ('09/12/2017','Crystal Palace','Bournemouth',2,2,'D','K Friend');
INSERT INTO matches(Date,HomeTeam,AwayTeam,HomeTeamGoals,AwayTeamGoals,Result,Referee) VALUES ('09/12/2017','Huddersfield','Brighton',2,0,'H','S Attwell');
INSERT INTO matches(Date,HomeTeam,AwayTeam,HomeTeamGoals,AwayTeamGoals,Result,Referee) VALUES ('09/12/2017','Newcastle United','Leicester',2,3,'A','N Swarbrick');
INSERT INTO matches(Date,HomeTeam,AwayTeam,HomeTeamGoals,AwayTeamGoals,Result,Referee) VALUES ('09/12/2017','Swansea City','West Brom',1,0,'H','M Dean');
INSERT INTO matches(Date,HomeTeam,AwayTeam,HomeTeamGoals,AwayTeamGoals,Result,Referee) VALUES ('09/12/2017','Tottenham','Stoke City',5,1,'H','R East');
INSERT INTO matches(Date,HomeTeam,AwayTeam,HomeTeamGoals,AwayTeamGoals,Result,Referee) VALUES ('09/12/2017','West Ham','Chelsea',1,0,'H','A Taylor');
INSERT INTO matches(Date,HomeTeam,AwayTeam,HomeTeamGoals,AwayTeamGoals,Result,Referee) VALUES ('10/12/2017','Liverpool','Everton',1,1,'D','C Pawson');
INSERT INTO matches(Date,HomeTeam,AwayTeam,HomeTeamGoals,AwayTeamGoals,Result,Referee) VALUES ('10/12/2017','Manchester United','Manchester City',1,2,'A','M Oliver');
INSERT INTO matches(Date,HomeTeam,AwayTeam,HomeTeamGoals,AwayTeamGoals,Result,Referee) VALUES ('10/12/2017','Southampton','Arsenal',1,1,'D','R Madley');
INSERT INTO matches(Date,HomeTeam,AwayTeam,HomeTeamGoals,AwayTeamGoals,Result,Referee) VALUES ('12/12/2017','Burnley','Stoke City',1,0,'H','M Jones');
INSERT INTO matches(Date,HomeTeam,AwayTeam,HomeTeamGoals,AwayTeamGoals,Result,Referee) VALUES ('12/12/2017','Crystal Palace','Watford',2,1,'H','L Mason');
INSERT INTO matches(Date,HomeTeam,AwayTeam,HomeTeamGoals,AwayTeamGoals,Result,Referee) VALUES ('12/12/2017','Huddersfield','Chelsea',1,3,'A','A Marriner');
INSERT INTO matches(Date,HomeTeam,AwayTeam,HomeTeamGoals,AwayTeamGoals,Result,Referee) VALUES ('13/12/2017','Liverpool','West Brom',0,0,'D','P Tierney');
INSERT INTO matches(Date,HomeTeam,AwayTeam,HomeTeamGoals,AwayTeamGoals,Result,Referee) VALUES ('13/12/2017','Manchester United','Bournemouth',1,0,'H','G Scott');
INSERT INTO matches(Date,HomeTeam,AwayTeam,HomeTeamGoals,AwayTeamGoals,Result,Referee) VALUES ('13/12/2017','Newcastle United','Everton',0,1,'A','M Atkinson');
INSERT INTO matches(Date,HomeTeam,AwayTeam,HomeTeamGoals,AwayTeamGoals,Result,Referee) VALUES ('13/12/2017','Southampton','Leicester',1,4,'A','C Kavanagh');
INSERT INTO matches(Date,HomeTeam,AwayTeam,HomeTeamGoals,AwayTeamGoals,Result,Referee) VALUES ('13/12/2017','Swansea City','Manchester City',0,4,'A','A Taylor');
INSERT INTO matches(Date,HomeTeam,AwayTeam,HomeTeamGoals,AwayTeamGoals,Result,Referee) VALUES ('13/12/2017','Tottenham','Brighton',2,0,'H','R Madley');
INSERT INTO matches(Date,HomeTeam,AwayTeam,HomeTeamGoals,AwayTeamGoals,Result,Referee) VALUES ('13/12/2017','West Ham','Arsenal',0,0,'D','J Moss');
INSERT INTO matches(Date,HomeTeam,AwayTeam,HomeTeamGoals,AwayTeamGoals,Result,Referee) VALUES ('16/12/2017','Arsenal','Newcastle United',1,0,'H','S Attwell');
INSERT INTO matches(Date,HomeTeam,AwayTeam,HomeTeamGoals,AwayTeamGoals,Result,Referee) VALUES ('16/12/2017','Brighton','Burnley',0,0,'D','C Kavanagh');
INSERT INTO matches(Date,HomeTeam,AwayTeam,HomeTeamGoals,AwayTeamGoals,Result,Referee) VALUES ('16/12/2017','Chelsea','Southampton',1,0,'H','R East');
INSERT INTO matches(Date,HomeTeam,AwayTeam,HomeTeamGoals,AwayTeamGoals,Result,Referee) VALUES ('16/12/2017','Leicester','Crystal Palace',0,3,'A','M Atkinson');
INSERT INTO matches(Date,HomeTeam,AwayTeam,HomeTeamGoals,AwayTeamGoals,Result,Referee) VALUES ('16/12/2017','Manchester City','Tottenham',4,1,'H','C Pawson');
INSERT INTO matches(Date,HomeTeam,AwayTeam,HomeTeamGoals,AwayTeamGoals,Result,Referee) VALUES ('16/12/2017','Stoke City','West Ham',0,3,'A','G Scott');
INSERT INTO matches(Date,HomeTeam,AwayTeam,HomeTeamGoals,AwayTeamGoals,Result,Referee) VALUES ('16/12/2017','Watford','Huddersfield',1,4,'A','M Oliver');
INSERT INTO matches(Date,HomeTeam,AwayTeam,HomeTeamGoals,AwayTeamGoals,Result,Referee) VALUES ('17/12/2017','Bournemouth','Liverpool',0,4,'A','A Marriner');
INSERT INTO matches(Date,HomeTeam,AwayTeam,HomeTeamGoals,AwayTeamGoals,Result,Referee) VALUES ('17/12/2017','West Brom','Manchester United',1,2,'A','A Taylor');
INSERT INTO matches(Date,HomeTeam,AwayTeam,HomeTeamGoals,AwayTeamGoals,Result,Referee) VALUES ('18/12/2017','Everton','Swansea City',3,1,'H','J Moss');
INSERT INTO matches(Date,HomeTeam,AwayTeam,HomeTeamGoals,AwayTeamGoals,Result,Referee) VALUES ('22/12/2017','Arsenal','Liverpool',3,3,'D','M Atkinson');
INSERT INTO matches(Date,HomeTeam,AwayTeam,HomeTeamGoals,AwayTeamGoals,Result,Referee) VALUES ('23/12/2017','Brighton','Watford',1,0,'H','P Tierney');
INSERT INTO matches(Date,HomeTeam,AwayTeam,HomeTeamGoals,AwayTeamGoals,Result,Referee) VALUES ('23/12/2017','Burnley','Tottenham',0,3,'A','M Oliver');
INSERT INTO matches(Date,HomeTeam,AwayTeam,HomeTeamGoals,AwayTeamGoals,Result,Referee) VALUES ('23/12/2017','Everton','Chelsea',0,0,'D','R Madley');
INSERT INTO matches(Date,HomeTeam,AwayTeam,HomeTeamGoals,AwayTeamGoals,Result,Referee) VALUES ('23/12/2017','Leicester','Manchester United',2,2,'D','J Moss');
INSERT INTO matches(Date,HomeTeam,AwayTeam,HomeTeamGoals,AwayTeamGoals,Result,Referee) VALUES ('23/12/2017','Manchester City','Bournemouth',4,0,'H','M Jones');
INSERT INTO matches(Date,HomeTeam,AwayTeam,HomeTeamGoals,AwayTeamGoals,Result,Referee) VALUES ('23/12/2017','Southampton','Huddersfield',1,1,'D','L Probert');
INSERT INTO matches(Date,HomeTeam,AwayTeam,HomeTeamGoals,AwayTeamGoals,Result,Referee) VALUES ('23/12/2017','Stoke City','West Brom',3,1,'H','N Swarbrick');
INSERT INTO matches(Date,HomeTeam,AwayTeam,HomeTeamGoals,AwayTeamGoals,Result,Referee) VALUES ('23/12/2017','Swansea City','Crystal Palace',1,1,'D','C Pawson');
INSERT INTO matches(Date,HomeTeam,AwayTeam,HomeTeamGoals,AwayTeamGoals,Result,Referee) VALUES ('23/12/2017','West Ham','Newcastle United',2,3,'A','L Mason');
INSERT INTO matches(Date,HomeTeam,AwayTeam,HomeTeamGoals,AwayTeamGoals,Result,Referee) VALUES ('26/12/2017','Bournemouth','West Ham',3,3,'D','S Attwell');
INSERT INTO matches(Date,HomeTeam,AwayTeam,HomeTeamGoals,AwayTeamGoals,Result,Referee) VALUES ('26/12/2017','Chelsea','Brighton',2,0,'H','M Dean');
INSERT INTO matches(Date,HomeTeam,AwayTeam,HomeTeamGoals,AwayTeamGoals,Result,Referee) VALUES ('26/12/2017','Huddersfield','Stoke City',1,1,'D','A Taylor');
INSERT INTO matches(Date,HomeTeam,AwayTeam,HomeTeamGoals,AwayTeamGoals,Result,Referee) VALUES ('26/12/2017','Liverpool','Swansea City',5,0,'H','K Friend');
INSERT INTO matches(Date,HomeTeam,AwayTeam,HomeTeamGoals,AwayTeamGoals,Result,Referee) VALUES ('26/12/2017','Manchester United','Burnley',2,2,'D','M Atkinson');
INSERT INTO matches(Date,HomeTeam,AwayTeam,HomeTeamGoals,AwayTeamGoals,Result,Referee) VALUES ('26/12/2017','Tottenham','Southampton',5,2,'H','G Scott');
INSERT INTO matches(Date,HomeTeam,AwayTeam,HomeTeamGoals,AwayTeamGoals,Result,Referee) VALUES ('26/12/2017','Watford','Leicester',2,1,'H','C Kavanagh');
INSERT INTO matches(Date,HomeTeam,AwayTeam,HomeTeamGoals,AwayTeamGoals,Result,Referee) VALUES ('26/12/2017','West Brom','Everton',0,0,'D','R East');
INSERT INTO matches(Date,HomeTeam,AwayTeam,HomeTeamGoals,AwayTeamGoals,Result,Referee) VALUES ('27/12/2017','Newcastle United','Manchester City',0,1,'A','A Marriner');
INSERT INTO matches(Date,HomeTeam,AwayTeam,HomeTeamGoals,AwayTeamGoals,Result,Referee) VALUES ('28/12/2017','Crystal Palace','Arsenal',2,3,'A','M Oliver');
INSERT INTO matches(Date,HomeTeam,AwayTeam,HomeTeamGoals,AwayTeamGoals,Result,Referee) VALUES ('30/12/2017','Bournemouth','Everton',2,1,'H','L Probert');
INSERT INTO matches(Date,HomeTeam,AwayTeam,HomeTeamGoals,AwayTeamGoals,Result,Referee) VALUES ('30/12/2017','Chelsea','Stoke City',5,0,'H','K Friend');
INSERT INTO matches(Date,HomeTeam,AwayTeam,HomeTeamGoals,AwayTeamGoals,Result,Referee) VALUES ('30/12/2017','Huddersfield','Burnley',0,0,'D','P Tierney');
INSERT INTO matches(Date,HomeTeam,AwayTeam,HomeTeamGoals,AwayTeamGoals,Result,Referee) VALUES ('30/12/2017','Liverpool','Leicester',2,1,'H','N Swarbrick');
INSERT INTO matches(Date,HomeTeam,AwayTeam,HomeTeamGoals,AwayTeamGoals,Result,Referee) VALUES ('30/12/2017','Manchester United','Southampton',0,0,'D','C Pawson');
INSERT INTO matches(Date,HomeTeam,AwayTeam,HomeTeamGoals,AwayTeamGoals,Result,Referee) VALUES ('30/12/2017','Newcastle United','Brighton',0,0,'D','A Taylor');
INSERT INTO matches(Date,HomeTeam,AwayTeam,HomeTeamGoals,AwayTeamGoals,Result,Referee) VALUES ('30/12/2017','Watford','Swansea City',1,2,'A','M Atkinson');
INSERT INTO matches(Date,HomeTeam,AwayTeam,HomeTeamGoals,AwayTeamGoals,Result,Referee) VALUES ('31/12/2017','Crystal Palace','Manchester City',0,0,'D','J Moss');
INSERT INTO matches(Date,HomeTeam,AwayTeam,HomeTeamGoals,AwayTeamGoals,Result,Referee) VALUES ('31/12/2017','West Brom','Arsenal',1,1,'D','M Dean');
INSERT INTO matches(Date,HomeTeam,AwayTeam,HomeTeamGoals,AwayTeamGoals,Result,Referee) VALUES ('01/01/2018','Brighton','Bournemouth',2,2,'D','M Oliver');
INSERT INTO matches(Date,HomeTeam,AwayTeam,HomeTeamGoals,AwayTeamGoals,Result,Referee) VALUES ('01/01/2018','Burnley','Liverpool',1,2,'A','R East');
INSERT INTO matches(Date,HomeTeam,AwayTeam,HomeTeamGoals,AwayTeamGoals,Result,Referee) VALUES ('01/01/2018','Everton','Manchester United',0,2,'A','A Marriner');
INSERT INTO matches(Date,HomeTeam,AwayTeam,HomeTeamGoals,AwayTeamGoals,Result,Referee) VALUES ('01/01/2018','Leicester','Huddersfield',3,0,'H','G Scott');
INSERT INTO matches(Date,HomeTeam,AwayTeam,HomeTeamGoals,AwayTeamGoals,Result,Referee) VALUES ('01/01/2018','Stoke City','Newcastle United',0,1,'A','C Kavanagh');
INSERT INTO matches(Date,HomeTeam,AwayTeam,HomeTeamGoals,AwayTeamGoals,Result,Referee) VALUES ('02/01/2018','Manchester City','Watford',3,1,'H','L Mason');
INSERT INTO matches(Date,HomeTeam,AwayTeam,HomeTeamGoals,AwayTeamGoals,Result,Referee) VALUES ('02/01/2018','Southampton','Crystal Palace',1,2,'A','S Attwell');
INSERT INTO matches(Date,HomeTeam,AwayTeam,HomeTeamGoals,AwayTeamGoals,Result,Referee) VALUES ('02/01/2018','Swansea City','Tottenham',0,2,'A','R Madley');
INSERT INTO matches(Date,HomeTeam,AwayTeam,HomeTeamGoals,AwayTeamGoals,Result,Referee) VALUES ('02/01/2018','West Ham','West Brom',2,1,'H','M Jones');
INSERT INTO matches(Date,HomeTeam,AwayTeam,HomeTeamGoals,AwayTeamGoals,Result,Referee) VALUES ('03/01/2018','Arsenal','Chelsea',2,2,'D','A Taylor');
INSERT INTO matches(Date,HomeTeam,AwayTeam,HomeTeamGoals,AwayTeamGoals,Result,Referee) VALUES ('04/01/2018','Tottenham','West Ham',1,1,'D','M Dean');
INSERT INTO matches(Date,HomeTeam,AwayTeam,HomeTeamGoals,AwayTeamGoals,Result,Referee) VALUES ('13/01/2018','Chelsea','Leicester',0,0,'D','M Jones');
INSERT INTO matches(Date,HomeTeam,AwayTeam,HomeTeamGoals,AwayTeamGoals,Result,Referee) VALUES ('13/01/2018','Crystal Palace','Burnley',1,0,'H','M Oliver');
INSERT INTO matches(Date,HomeTeam,AwayTeam,HomeTeamGoals,AwayTeamGoals,Result,Referee) VALUES ('13/01/2018','Huddersfield','West Ham',1,4,'A','J Moss');
INSERT INTO matches(Date,HomeTeam,AwayTeam,HomeTeamGoals,AwayTeamGoals,Result,Referee) VALUES ('13/01/2018','Newcastle United','Swansea City',1,1,'D','G Scott');
INSERT INTO matches(Date,HomeTeam,AwayTeam,HomeTeamGoals,AwayTeamGoals,Result,Referee) VALUES ('13/01/2018','Tottenham','Everton',4,0,'H','C Pawson');
INSERT INTO matches(Date,HomeTeam,AwayTeam,HomeTeamGoals,AwayTeamGoals,Result,Referee) VALUES ('13/01/2018','Watford','Southampton',2,2,'D','R East');
INSERT INTO matches(Date,HomeTeam,AwayTeam,HomeTeamGoals,AwayTeamGoals,Result,Referee) VALUES ('13/01/2018','West Brom','Brighton',2,0,'H','M Atkinson');
INSERT INTO matches(Date,HomeTeam,AwayTeam,HomeTeamGoals,AwayTeamGoals,Result,Referee) VALUES ('14/01/2018','Bournemouth','Arsenal',2,1,'H','K Friend');
INSERT INTO matches(Date,HomeTeam,AwayTeam,HomeTeamGoals,AwayTeamGoals,Result,Referee) VALUES ('14/01/2018','Liverpool','Manchester City',4,3,'H','A Marriner');
INSERT INTO matches(Date,HomeTeam,AwayTeam,HomeTeamGoals,AwayTeamGoals,Result,Referee) VALUES ('15/01/2018','Manchester United','Stoke City',3,0,'H','A Taylor');
INSERT INTO matches(Date,HomeTeam,AwayTeam,HomeTeamGoals,AwayTeamGoals,Result,Referee) VALUES ('20/01/2018','Arsenal','Crystal Palace',4,1,'H','C Kavanagh');
INSERT INTO matches(Date,HomeTeam,AwayTeam,HomeTeamGoals,AwayTeamGoals,Result,Referee) VALUES ('20/01/2018','Brighton','Chelsea',0,4,'A','J Moss');
INSERT INTO matches(Date,HomeTeam,AwayTeam,HomeTeamGoals,AwayTeamGoals,Result,Referee) VALUES ('20/01/2018','Burnley','Manchester United',0,1,'A','M Dean');
INSERT INTO matches(Date,HomeTeam,AwayTeam,HomeTeamGoals,AwayTeamGoals,Result,Referee) VALUES ('20/01/2018','Everton','West Brom',1,1,'D','S Attwell');
INSERT INTO matches(Date,HomeTeam,AwayTeam,HomeTeamGoals,AwayTeamGoals,Result,Referee) VALUES ('20/01/2018','Leicester','Watford',2,0,'H','L Probert');
INSERT INTO matches(Date,HomeTeam,AwayTeam,HomeTeamGoals,AwayTeamGoals,Result,Referee) VALUES ('20/01/2018','Manchester City','Newcastle United',3,1,'H','P Tierney');
INSERT INTO matches(Date,HomeTeam,AwayTeam,HomeTeamGoals,AwayTeamGoals,Result,Referee) VALUES ('20/01/2018','Stoke City','Huddersfield',2,0,'H','M Oliver');
INSERT INTO matches(Date,HomeTeam,AwayTeam,HomeTeamGoals,AwayTeamGoals,Result,Referee) VALUES ('20/01/2018','West Ham','Bournemouth',1,1,'D','M Atkinson');
INSERT INTO matches(Date,HomeTeam,AwayTeam,HomeTeamGoals,AwayTeamGoals,Result,Referee) VALUES ('21/01/2018','Southampton','Tottenham',1,1,'D','K Friend');
INSERT INTO matches(Date,HomeTeam,AwayTeam,HomeTeamGoals,AwayTeamGoals,Result,Referee) VALUES ('22/01/2018','Swansea City','Liverpool',1,0,'H','N Swarbrick');
INSERT INTO matches(Date,HomeTeam,AwayTeam,HomeTeamGoals,AwayTeamGoals,Result,Referee) VALUES ('30/01/2018','Huddersfield','Liverpool',0,3,'A','K Friend');
INSERT INTO matches(Date,HomeTeam,AwayTeam,HomeTeamGoals,AwayTeamGoals,Result,Referee) VALUES ('30/01/2018','Swansea City','Arsenal',3,1,'H','L Mason');
INSERT INTO matches(Date,HomeTeam,AwayTeam,HomeTeamGoals,AwayTeamGoals,Result,Referee) VALUES ('30/01/2018','West Ham','Crystal Palace',1,1,'D','N Swarbrick');
INSERT INTO matches(Date,HomeTeam,AwayTeam,HomeTeamGoals,AwayTeamGoals,Result,Referee) VALUES ('31/01/2018','Chelsea','Bournemouth',0,3,'A','L Probert');
INSERT INTO matches(Date,HomeTeam,AwayTeam,HomeTeamGoals,AwayTeamGoals,Result,Referee) VALUES ('31/01/2018','Everton','Leicester',2,1,'H','C Kavanagh');
INSERT INTO matches(Date,HomeTeam,AwayTeam,HomeTeamGoals,AwayTeamGoals,Result,Referee) VALUES ('31/01/2018','Manchester City','West Brom',3,0,'H','R Madley');
INSERT INTO matches(Date,HomeTeam,AwayTeam,HomeTeamGoals,AwayTeamGoals,Result,Referee) VALUES ('31/01/2018','Newcastle United','Burnley',1,1,'D','S Hooper');
INSERT INTO matches(Date,HomeTeam,AwayTeam,HomeTeamGoals,AwayTeamGoals,Result,Referee) VALUES ('31/01/2018','Southampton','Brighton',1,1,'D','M Dean');
INSERT INTO matches(Date,HomeTeam,AwayTeam,HomeTeamGoals,AwayTeamGoals,Result,Referee) VALUES ('31/01/2018','Stoke City','Watford',0,0,'D','J Moss');
INSERT INTO matches(Date,HomeTeam,AwayTeam,HomeTeamGoals,AwayTeamGoals,Result,Referee) VALUES ('31/01/2018','Tottenham','Manchester United',2,0,'H','A Marriner');
INSERT INTO matches(Date,HomeTeam,AwayTeam,HomeTeamGoals,AwayTeamGoals,Result,Referee) VALUES ('03/02/2018','Arsenal','Everton',5,1,'H','N Swarbrick');
INSERT INTO matches(Date,HomeTeam,AwayTeam,HomeTeamGoals,AwayTeamGoals,Result,Referee) VALUES ('03/02/2018','Bournemouth','Stoke City',2,1,'H','P Tierney');
INSERT INTO matches(Date,HomeTeam,AwayTeam,HomeTeamGoals,AwayTeamGoals,Result,Referee) VALUES ('03/02/2018','Brighton','West Ham',3,1,'H','R East');
INSERT INTO matches(Date,HomeTeam,AwayTeam,HomeTeamGoals,AwayTeamGoals,Result,Referee) VALUES ('03/02/2018','Burnley','Manchester City',1,1,'D','M Atkinson');
INSERT INTO matches(Date,HomeTeam,AwayTeam,HomeTeamGoals,AwayTeamGoals,Result,Referee) VALUES ('03/02/2018','Leicester','Swansea City',1,1,'D','A Taylor');
INSERT INTO matches(Date,HomeTeam,AwayTeam,HomeTeamGoals,AwayTeamGoals,Result,Referee) VALUES ('03/02/2018','Manchester United','Huddersfield',2,0,'H','S Attwell');
INSERT INTO matches(Date,HomeTeam,AwayTeam,HomeTeamGoals,AwayTeamGoals,Result,Referee) VALUES ('03/02/2018','West Brom','Southampton',2,3,'A','M Oliver');
INSERT INTO matches(Date,HomeTeam,AwayTeam,HomeTeamGoals,AwayTeamGoals,Result,Referee) VALUES ('04/02/2018','Crystal Palace','Newcastle United',1,1,'D','A Marriner');
INSERT INTO matches(Date,HomeTeam,AwayTeam,HomeTeamGoals,AwayTeamGoals,Result,Referee) VALUES ('04/02/2018','Liverpool','Tottenham',2,2,'D','J Moss');
INSERT INTO matches(Date,HomeTeam,AwayTeam,HomeTeamGoals,AwayTeamGoals,Result,Referee) VALUES ('05/02/2018','Watford','Chelsea',4,1,'H','M Dean');
INSERT INTO matches(Date,HomeTeam,AwayTeam,HomeTeamGoals,AwayTeamGoals,Result,Referee) VALUES ('10/02/2018','Everton','Crystal Palace',3,1,'H','J Moss');
INSERT INTO matches(Date,HomeTeam,AwayTeam,HomeTeamGoals,AwayTeamGoals,Result,Referee) VALUES ('10/02/2018','Manchester City','Leicester',5,1,'H','M Jones');
INSERT INTO matches(Date,HomeTeam,AwayTeam,HomeTeamGoals,AwayTeamGoals,Result,Referee) VALUES ('10/02/2018','Stoke City','Brighton',1,1,'D','R Madley');
INSERT INTO matches(Date,HomeTeam,AwayTeam,HomeTeamGoals,AwayTeamGoals,Result,Referee) VALUES ('10/02/2018','Swansea City','Burnley',1,0,'H','A Marriner');
INSERT INTO matches(Date,HomeTeam,AwayTeam,HomeTeamGoals,AwayTeamGoals,Result,Referee) VALUES ('10/02/2018','Tottenham','Arsenal',1,0,'H','A Taylor');
INSERT INTO matches(Date,HomeTeam,AwayTeam,HomeTeamGoals,AwayTeamGoals,Result,Referee) VALUES ('10/02/2018','West Ham','Watford',2,0,'H','G Scott');
INSERT INTO matches(Date,HomeTeam,AwayTeam,HomeTeamGoals,AwayTeamGoals,Result,Referee) VALUES ('11/02/2018','Huddersfield','Bournemouth',4,1,'H','M Oliver');
INSERT INTO matches(Date,HomeTeam,AwayTeam,HomeTeamGoals,AwayTeamGoals,Result,Referee) VALUES ('11/02/2018','Newcastle United','Manchester United',1,0,'H','C Pawson');
INSERT INTO matches(Date,HomeTeam,AwayTeam,HomeTeamGoals,AwayTeamGoals,Result,Referee) VALUES ('11/02/2018','Southampton','Liverpool',0,2,'A','M Atkinson');
INSERT INTO matches(Date,HomeTeam,AwayTeam,HomeTeamGoals,AwayTeamGoals,Result,Referee) VALUES ('12/02/2018','Chelsea','West Brom',3,0,'H','L Mason');
INSERT INTO matches(Date,HomeTeam,AwayTeam,HomeTeamGoals,AwayTeamGoals,Result,Referee) VALUES ('24/02/2018','Bournemouth','Newcastle United',2,2,'D','R East');
INSERT INTO matches(Date,HomeTeam,AwayTeam,HomeTeamGoals,AwayTeamGoals,Result,Referee) VALUES ('24/02/2018','Brighton','Swansea City',4,1,'H','M Dean');
INSERT INTO matches(Date,HomeTeam,AwayTeam,HomeTeamGoals,AwayTeamGoals,Result,Referee) VALUES ('24/02/2018','Burnley','Southampton',1,1,'D','R Madley');
INSERT INTO matches(Date,HomeTeam,AwayTeam,HomeTeamGoals,AwayTeamGoals,Result,Referee) VALUES ('24/02/2018','Leicester','Stoke City',1,1,'D','M Oliver');
INSERT INTO matches(Date,HomeTeam,AwayTeam,HomeTeamGoals,AwayTeamGoals,Result,Referee) VALUES ('24/02/2018','Liverpool','West Ham',4,1,'H','S Attwell');
INSERT INTO matches(Date,HomeTeam,AwayTeam,HomeTeamGoals,AwayTeamGoals,Result,Referee) VALUES ('24/02/2018','Watford','Everton',1,0,'H','A Taylor');
INSERT INTO matches(Date,HomeTeam,AwayTeam,HomeTeamGoals,AwayTeamGoals,Result,Referee) VALUES ('24/02/2018','West Brom','Huddersfield',1,2,'A','J Moss');
INSERT INTO matches(Date,HomeTeam,AwayTeam,HomeTeamGoals,AwayTeamGoals,Result,Referee) VALUES ('25/02/2018','Crystal Palace','Tottenham',0,1,'A','K Friend');
INSERT INTO matches(Date,HomeTeam,AwayTeam,HomeTeamGoals,AwayTeamGoals,Result,Referee) VALUES ('25/02/2018','Manchester United','Chelsea',2,1,'H','M Atkinson');
INSERT INTO matches(Date,HomeTeam,AwayTeam,HomeTeamGoals,AwayTeamGoals,Result,Referee) VALUES ('01/03/2018','Arsenal','Manchester City',0,3,'A','A Marriner');
INSERT INTO matches(Date,HomeTeam,AwayTeam,HomeTeamGoals,AwayTeamGoals,Result,Referee) VALUES ('03/03/2018','Burnley','Everton',2,1,'H','C Kavanagh');
INSERT INTO matches(Date,HomeTeam,AwayTeam,HomeTeamGoals,AwayTeamGoals,Result,Referee) VALUES ('03/03/2018','Leicester','Bournemouth',1,1,'D','L Probert');
INSERT INTO matches(Date,HomeTeam,AwayTeam,HomeTeamGoals,AwayTeamGoals,Result,Referee) VALUES ('03/03/2018','Liverpool','Newcastle United',2,0,'H','G Scott');
INSERT INTO matches(Date,HomeTeam,AwayTeam,HomeTeamGoals,AwayTeamGoals,Result,Referee) VALUES ('03/03/2018','Southampton','Stoke City',0,0,'D','A Taylor');
INSERT INTO matches(Date,HomeTeam,AwayTeam,HomeTeamGoals,AwayTeamGoals,Result,Referee) VALUES ('03/03/2018','Swansea City','West Ham',4,1,'H','M Atkinson');
INSERT INTO matches(Date,HomeTeam,AwayTeam,HomeTeamGoals,AwayTeamGoals,Result,Referee) VALUES ('03/03/2018','Tottenham','Huddersfield',2,0,'H','K Friend');
INSERT INTO matches(Date,HomeTeam,AwayTeam,HomeTeamGoals,AwayTeamGoals,Result,Referee) VALUES ('03/03/2018','Watford','West Brom',1,0,'H','P Tierney');
INSERT INTO matches(Date,HomeTeam,AwayTeam,HomeTeamGoals,AwayTeamGoals,Result,Referee) VALUES ('04/03/2018','Brighton','Arsenal',2,1,'H','S Attwell');
INSERT INTO matches(Date,HomeTeam,AwayTeam,HomeTeamGoals,AwayTeamGoals,Result,Referee) VALUES ('04/03/2018','Manchester City','Chelsea',1,0,'H','M Oliver');
INSERT INTO matches(Date,HomeTeam,AwayTeam,HomeTeamGoals,AwayTeamGoals,Result,Referee) VALUES ('05/03/2018','Crystal Palace','Manchester United',2,3,'A','N Swarbrick');
INSERT INTO matches(Date,HomeTeam,AwayTeam,HomeTeamGoals,AwayTeamGoals,Result,Referee) VALUES ('10/03/2018','Chelsea','Crystal Palace',2,1,'H','A Taylor');
INSERT INTO matches(Date,HomeTeam,AwayTeam,HomeTeamGoals,AwayTeamGoals,Result,Referee) VALUES ('10/03/2018','Everton','Brighton',2,0,'H','R East');
INSERT INTO matches(Date,HomeTeam,AwayTeam,HomeTeamGoals,AwayTeamGoals,Result,Referee) VALUES ('10/03/2018','Huddersfield','Swansea City',0,0,'D','M Oliver');
INSERT INTO matches(Date,HomeTeam,AwayTeam,HomeTeamGoals,AwayTeamGoals,Result,Referee) VALUES ('10/03/2018','Manchester United','Liverpool',2,1,'H','C Pawson');
INSERT INTO matches(Date,HomeTeam,AwayTeam,HomeTeamGoals,AwayTeamGoals,Result,Referee) VALUES ('10/03/2018','Newcastle United','Southampton',3,0,'H','A Marriner');
INSERT INTO matches(Date,HomeTeam,AwayTeam,HomeTeamGoals,AwayTeamGoals,Result,Referee) VALUES ('10/03/2018','West Brom','Leicester',1,4,'A','R Madley');
INSERT INTO matches(Date,HomeTeam,AwayTeam,HomeTeamGoals,AwayTeamGoals,Result,Referee) VALUES ('10/03/2018','West Ham','Burnley',0,3,'A','L Mason');
INSERT INTO matches(Date,HomeTeam,AwayTeam,HomeTeamGoals,AwayTeamGoals,Result,Referee) VALUES ('11/03/2018','Arsenal','Watford',3,0,'H','M Atkinson');
INSERT INTO matches(Date,HomeTeam,AwayTeam,HomeTeamGoals,AwayTeamGoals,Result,Referee) VALUES ('11/03/2018','Bournemouth','Tottenham',1,4,'A','M Dean');
INSERT INTO matches(Date,HomeTeam,AwayTeam,HomeTeamGoals,AwayTeamGoals,Result,Referee) VALUES ('12/03/2018','Stoke City','Manchester City',0,2,'A','J Moss');
INSERT INTO matches(Date,HomeTeam,AwayTeam,HomeTeamGoals,AwayTeamGoals,Result,Referee) VALUES ('17/03/2018','Bournemouth','West Brom',2,1,'H','G Scott');
INSERT INTO matches(Date,HomeTeam,AwayTeam,HomeTeamGoals,AwayTeamGoals,Result,Referee) VALUES ('17/03/2018','Huddersfield','Crystal Palace',0,2,'A','M Dean');
INSERT INTO matches(Date,HomeTeam,AwayTeam,HomeTeamGoals,AwayTeamGoals,Result,Referee) VALUES ('17/03/2018','Liverpool','Watford',5,0,'H','A Taylor');
INSERT INTO matches(Date,HomeTeam,AwayTeam,HomeTeamGoals,AwayTeamGoals,Result,Referee) VALUES ('17/03/2018','Stoke City','Everton',1,2,'A','M Atkinson');
INSERT INTO matches(Date,HomeTeam,AwayTeam,HomeTeamGoals,AwayTeamGoals,Result,Referee) VALUES ('31/03/2018','Brighton','Leicester',0,2,'A','C Kavanagh');
INSERT INTO matches(Date,HomeTeam,AwayTeam,HomeTeamGoals,AwayTeamGoals,Result,Referee) VALUES ('31/03/2018','Crystal Palace','Liverpool',1,2,'A','N Swarbrick');
INSERT INTO matches(Date,HomeTeam,AwayTeam,HomeTeamGoals,AwayTeamGoals,Result,Referee) VALUES ('31/03/2018','Everton','Manchester City',1,3,'A','P Tierney');
INSERT INTO matches(Date,HomeTeam,AwayTeam,HomeTeamGoals,AwayTeamGoals,Result,Referee) VALUES ('31/03/2018','Manchester United','Swansea City',2,0,'H','R Madley');
INSERT INTO matches(Date,HomeTeam,AwayTeam,HomeTeamGoals,AwayTeamGoals,Result,Referee) VALUES ('31/03/2018','Newcastle United','Huddersfield',1,0,'H','M Atkinson');
INSERT INTO matches(Date,HomeTeam,AwayTeam,HomeTeamGoals,AwayTeamGoals,Result,Referee) VALUES ('31/03/2018','Watford','Bournemouth',2,2,'D','A Marriner');
INSERT INTO matches(Date,HomeTeam,AwayTeam,HomeTeamGoals,AwayTeamGoals,Result,Referee) VALUES ('31/03/2018','West Brom','Burnley',1,2,'A','L Probert');
INSERT INTO matches(Date,HomeTeam,AwayTeam,HomeTeamGoals,AwayTeamGoals,Result,Referee) VALUES ('31/03/2018','West Ham','Southampton',3,0,'H','J Moss');
INSERT INTO matches(Date,HomeTeam,AwayTeam,HomeTeamGoals,AwayTeamGoals,Result,Referee) VALUES ('01/04/2018','Arsenal','Stoke City',3,0,'H','C Pawson');
INSERT INTO matches(Date,HomeTeam,AwayTeam,HomeTeamGoals,AwayTeamGoals,Result,Referee) VALUES ('01/04/2018','Chelsea','Tottenham',1,3,'A','A Marriner');
INSERT INTO matches(Date,HomeTeam,AwayTeam,HomeTeamGoals,AwayTeamGoals,Result,Referee) VALUES ('07/04/2018','Bournemouth','Crystal Palace',2,2,'D','J Moss');
INSERT INTO matches(Date,HomeTeam,AwayTeam,HomeTeamGoals,AwayTeamGoals,Result,Referee) VALUES ('07/04/2018','Brighton','Huddersfield',1,1,'D','A Taylor');
INSERT INTO matches(Date,HomeTeam,AwayTeam,HomeTeamGoals,AwayTeamGoals,Result,Referee) VALUES ('07/04/2018','Everton','Liverpool',0,0,'D','M Oliver');
INSERT INTO matches(Date,HomeTeam,AwayTeam,HomeTeamGoals,AwayTeamGoals,Result,Referee) VALUES ('07/04/2018','Leicester','Newcastle United',1,2,'A','S Attwell');
INSERT INTO matches(Date,HomeTeam,AwayTeam,HomeTeamGoals,AwayTeamGoals,Result,Referee) VALUES ('07/04/2018','Manchester City','Manchester United',2,3,'A','M Atkinson');
INSERT INTO matches(Date,HomeTeam,AwayTeam,HomeTeamGoals,AwayTeamGoals,Result,Referee) VALUES ('07/04/2018','Stoke City','Tottenham',1,2,'A','G Scott');
INSERT INTO matches(Date,HomeTeam,AwayTeam,HomeTeamGoals,AwayTeamGoals,Result,Referee) VALUES ('07/04/2018','Watford','Burnley',1,2,'A','P Tierney');
INSERT INTO matches(Date,HomeTeam,AwayTeam,HomeTeamGoals,AwayTeamGoals,Result,Referee) VALUES ('07/04/2018','West Brom','Swansea City',1,1,'D','R East');
INSERT INTO matches(Date,HomeTeam,AwayTeam,HomeTeamGoals,AwayTeamGoals,Result,Referee) VALUES ('08/04/2018','Arsenal','Southampton',3,2,'H','A Marriner');
INSERT INTO matches(Date,HomeTeam,AwayTeam,HomeTeamGoals,AwayTeamGoals,Result,Referee) VALUES ('08/04/2018','Chelsea','West Ham',1,1,'D','K Friend');
INSERT INTO matches(Date,HomeTeam,AwayTeam,HomeTeamGoals,AwayTeamGoals,Result,Referee) VALUES ('14/04/2018','Burnley','Leicester',2,1,'H','M Atkinson');
INSERT INTO matches(Date,HomeTeam,AwayTeam,HomeTeamGoals,AwayTeamGoals,Result,Referee) VALUES ('14/04/2018','Crystal Palace','Brighton',3,2,'H','A Marriner');
INSERT INTO matches(Date,HomeTeam,AwayTeam,HomeTeamGoals,AwayTeamGoals,Result,Referee) VALUES ('14/04/2018','Huddersfield','Watford',1,0,'H','C Pawson');
INSERT INTO matches(Date,HomeTeam,AwayTeam,HomeTeamGoals,AwayTeamGoals,Result,Referee) VALUES ('14/04/2018','Liverpool','Bournemouth',3,0,'H','C Kavanagh');
INSERT INTO matches(Date,HomeTeam,AwayTeam,HomeTeamGoals,AwayTeamGoals,Result,Referee) VALUES ('14/04/2018','Southampton','Chelsea',2,3,'A','M Dean');
INSERT INTO matches(Date,HomeTeam,AwayTeam,HomeTeamGoals,AwayTeamGoals,Result,Referee) VALUES ('14/04/2018','Swansea City','Everton',1,1,'D','L Mason');
INSERT INTO matches(Date,HomeTeam,AwayTeam,HomeTeamGoals,AwayTeamGoals,Result,Referee) VALUES ('14/04/2018','Tottenham','Manchester City',1,3,'A','J Moss');
INSERT INTO matches(Date,HomeTeam,AwayTeam,HomeTeamGoals,AwayTeamGoals,Result,Referee) VALUES ('15/04/2018','Manchester United','West Brom',0,1,'A','P Tierney');
INSERT INTO matches(Date,HomeTeam,AwayTeam,HomeTeamGoals,AwayTeamGoals,Result,Referee) VALUES ('15/04/2018','Newcastle United','Arsenal',2,1,'H','A Taylor');
INSERT INTO matches(Date,HomeTeam,AwayTeam,HomeTeamGoals,AwayTeamGoals,Result,Referee) VALUES ('16/04/2018','West Ham','Stoke City',1,1,'D','M Oliver');
INSERT INTO matches(Date,HomeTeam,AwayTeam,HomeTeamGoals,AwayTeamGoals,Result,Referee) VALUES ('17/04/2018','Brighton','Tottenham',1,1,'D','K Friend');
INSERT INTO matches(Date,HomeTeam,AwayTeam,HomeTeamGoals,AwayTeamGoals,Result,Referee) VALUES ('18/04/2018','Bournemouth','Manchester United',0,2,'A','G Scott');
INSERT INTO matches(Date,HomeTeam,AwayTeam,HomeTeamGoals,AwayTeamGoals,Result,Referee) VALUES ('19/04/2018','Burnley','Chelsea',1,2,'A','R Madley');
INSERT INTO matches(Date,HomeTeam,AwayTeam,HomeTeamGoals,AwayTeamGoals,Result,Referee) VALUES ('19/04/2018','Leicester','Southampton',0,0,'D','R East');
INSERT INTO matches(Date,HomeTeam,AwayTeam,HomeTeamGoals,AwayTeamGoals,Result,Referee) VALUES ('21/04/2018','Watford','Crystal Palace',0,0,'D','C Kavanagh');
INSERT INTO matches(Date,HomeTeam,AwayTeam,HomeTeamGoals,AwayTeamGoals,Result,Referee) VALUES ('21/04/2018','West Brom','Liverpool',2,2,'D','S Attwell');
INSERT INTO matches(Date,HomeTeam,AwayTeam,HomeTeamGoals,AwayTeamGoals,Result,Referee) VALUES ('22/04/2018','Arsenal','West Ham',4,1,'H','L Mason');
INSERT INTO matches(Date,HomeTeam,AwayTeam,HomeTeamGoals,AwayTeamGoals,Result,Referee) VALUES ('22/04/2018','Manchester City','Swansea City',5,0,'H','C Pawson');
INSERT INTO matches(Date,HomeTeam,AwayTeam,HomeTeamGoals,AwayTeamGoals,Result,Referee) VALUES ('22/04/2018','Stoke City','Burnley',1,1,'D','M Dean');
INSERT INTO matches(Date,HomeTeam,AwayTeam,HomeTeamGoals,AwayTeamGoals,Result,Referee) VALUES ('23/04/2018','Everton','Newcastle United',1,0,'H','R Madley');
INSERT INTO matches(Date,HomeTeam,AwayTeam,HomeTeamGoals,AwayTeamGoals,Result,Referee) VALUES ('28/04/2018','Burnley','Brighton',0,0,'D','R East');
INSERT INTO matches(Date,HomeTeam,AwayTeam,HomeTeamGoals,AwayTeamGoals,Result,Referee) VALUES ('28/04/2018','Crystal Palace','Leicester',5,0,'H','M Dean');
INSERT INTO matches(Date,HomeTeam,AwayTeam,HomeTeamGoals,AwayTeamGoals,Result,Referee) VALUES ('28/04/2018','Huddersfield','Everton',0,2,'A','L Probert');
INSERT INTO matches(Date,HomeTeam,AwayTeam,HomeTeamGoals,AwayTeamGoals,Result,Referee) VALUES ('28/04/2018','Liverpool','Stoke City',0,0,'D','A Marriner');
INSERT INTO matches(Date,HomeTeam,AwayTeam,HomeTeamGoals,AwayTeamGoals,Result,Referee) VALUES ('28/04/2018','Newcastle United','West Brom',0,1,'A','D Coote');
INSERT INTO matches(Date,HomeTeam,AwayTeam,HomeTeamGoals,AwayTeamGoals,Result,Referee) VALUES ('28/04/2018','Southampton','Bournemouth',2,1,'H','A Taylor');
INSERT INTO matches(Date,HomeTeam,AwayTeam,HomeTeamGoals,AwayTeamGoals,Result,Referee) VALUES ('28/04/2018','Swansea City','Chelsea',0,1,'A','J Moss');
INSERT INTO matches(Date,HomeTeam,AwayTeam,HomeTeamGoals,AwayTeamGoals,Result,Referee) VALUES ('29/04/2018','Manchester United','Arsenal',2,1,'H','K Friend');
INSERT INTO matches(Date,HomeTeam,AwayTeam,HomeTeamGoals,AwayTeamGoals,Result,Referee) VALUES ('29/04/2018','West Ham','Manchester City',1,4,'A','N Swarbrick');
INSERT INTO matches(Date,HomeTeam,AwayTeam,HomeTeamGoals,AwayTeamGoals,Result,Referee) VALUES ('30/04/2018','Tottenham','Watford',2,0,'H','M Oliver');
INSERT INTO matches(Date,HomeTeam,AwayTeam,HomeTeamGoals,AwayTeamGoals,Result,Referee) VALUES ('04/05/2018','Brighton','Manchester United',1,0,'H','C Pawson');
INSERT INTO matches(Date,HomeTeam,AwayTeam,HomeTeamGoals,AwayTeamGoals,Result,Referee) VALUES ('05/05/2018','Bournemouth','Swansea City',1,0,'H','K Friend');
INSERT INTO matches(Date,HomeTeam,AwayTeam,HomeTeamGoals,AwayTeamGoals,Result,Referee) VALUES ('05/05/2018','Everton','Southampton',1,1,'D','J Moss');
INSERT INTO matches(Date,HomeTeam,AwayTeam,HomeTeamGoals,AwayTeamGoals,Result,Referee) VALUES ('05/05/2018','Leicester','West Ham',0,2,'A','C Kavanagh');
INSERT INTO matches(Date,HomeTeam,AwayTeam,HomeTeamGoals,AwayTeamGoals,Result,Referee) VALUES ('05/05/2018','Stoke City','Crystal Palace',1,2,'A','M Atkinson');
INSERT INTO matches(Date,HomeTeam,AwayTeam,HomeTeamGoals,AwayTeamGoals,Result,Referee) VALUES ('05/05/2018','Watford','Newcastle United',2,1,'H','R East');
INSERT INTO matches(Date,HomeTeam,AwayTeam,HomeTeamGoals,AwayTeamGoals,Result,Referee) VALUES ('05/05/2018','West Brom','Tottenham',1,0,'H','M Jones');
INSERT INTO matches(Date,HomeTeam,AwayTeam,HomeTeamGoals,AwayTeamGoals,Result,Referee) VALUES ('06/05/2018','Arsenal','Burnley',5,0,'H','A Marriner');
INSERT INTO matches(Date,HomeTeam,AwayTeam,HomeTeamGoals,AwayTeamGoals,Result,Referee) VALUES ('06/05/2018','Chelsea','Liverpool',1,0,'H','A Taylor');
INSERT INTO matches(Date,HomeTeam,AwayTeam,HomeTeamGoals,AwayTeamGoals,Result,Referee) VALUES ('06/05/2018','Manchester City','Huddersfield',0,0,'D','M Dean');
INSERT INTO matches(Date,HomeTeam,AwayTeam,HomeTeamGoals,AwayTeamGoals,Result,Referee) VALUES ('08/05/2018','Swansea City','Southampton',0,1,'A','M Oliver');
INSERT INTO matches(Date,HomeTeam,AwayTeam,HomeTeamGoals,AwayTeamGoals,Result,Referee) VALUES ('09/05/2018','Chelsea','Huddersfield',1,1,'D','L Mason');
INSERT INTO matches(Date,HomeTeam,AwayTeam,HomeTeamGoals,AwayTeamGoals,Result,Referee) VALUES ('09/05/2018','Leicester','Arsenal',3,1,'H','G Scott');
INSERT INTO matches(Date,HomeTeam,AwayTeam,HomeTeamGoals,AwayTeamGoals,Result,Referee) VALUES ('09/05/2018','Manchester City','Brighton',3,1,'H','P Tierney');
INSERT INTO matches(Date,HomeTeam,AwayTeam,HomeTeamGoals,AwayTeamGoals,Result,Referee) VALUES ('09/05/2018','Tottenham','Newcastle United',1,0,'H','N Swarbrick');
INSERT INTO matches(Date,HomeTeam,AwayTeam,HomeTeamGoals,AwayTeamGoals,Result,Referee) VALUES ('10/05/2018','West Ham','Manchester United',0,0,'D','J Moss');
INSERT INTO matches(Date,HomeTeam,AwayTeam,HomeTeamGoals,AwayTeamGoals,Result,Referee) VALUES ('13/05/2018','Burnley','Bournemouth',1,2,'A','P Tierney');
INSERT INTO matches(Date,HomeTeam,AwayTeam,HomeTeamGoals,AwayTeamGoals,Result,Referee) VALUES ('13/05/2018','Crystal Palace','West Brom',2,0,'H','J Moss');
INSERT INTO matches(Date,HomeTeam,AwayTeam,HomeTeamGoals,AwayTeamGoals,Result,Referee) VALUES ('13/05/2018','Huddersfield','Arsenal',0,1,'A','M Oliver');
INSERT INTO matches(Date,HomeTeam,AwayTeam,HomeTeamGoals,AwayTeamGoals,Result,Referee) VALUES ('13/05/2018','Liverpool','Brighton',4,0,'H','K Friend');
INSERT INTO matches(Date,HomeTeam,AwayTeam,HomeTeamGoals,AwayTeamGoals,Result,Referee) VALUES ('13/05/2018','Manchester United','Watford',1,0,'H','L Mason');
INSERT INTO matches(Date,HomeTeam,AwayTeam,HomeTeamGoals,AwayTeamGoals,Result,Referee) VALUES ('13/05/2018','Newcastle United','Chelsea',3,0,'H','M Atkinson');
INSERT INTO matches(Date,HomeTeam,AwayTeam,HomeTeamGoals,AwayTeamGoals,Result,Referee) VALUES ('13/05/2018','Southampton','Manchester City',0,1,'A','A Marriner');
INSERT INTO matches(Date,HomeTeam,AwayTeam,HomeTeamGoals,AwayTeamGoals,Result,Referee) VALUES ('13/05/2018','Swansea City','Stoke City',1,2,'A','A Taylor');
INSERT INTO matches(Date,HomeTeam,AwayTeam,HomeTeamGoals,AwayTeamGoals,Result,Referee) VALUES ('13/05/2018','Tottenham','Leicester',5,4,'H','C Pawson');
INSERT INTO matches(Date,HomeTeam,AwayTeam,HomeTeamGoals,AwayTeamGoals,Result,Referee) VALUES ('13/05/2018','West Ham','Everton',3,1,'H','G Scott');


INSERT INTO players(name,club,age,position,nationality) VALUES ('Alexis Sanchez','Arsenal',28,'LW','Chile');
INSERT INTO players(name,club,age,position,nationality) VALUES ('Mesut Ozil','Arsenal',28,'AM','Germany');
INSERT INTO players(name,club,age,position,nationality) VALUES ('Petr Cech','Arsenal',35,'GK','Czech Republic');
INSERT INTO players(name,club,age,position,nationality) VALUES ('Theo Walcott','Arsenal',28,'RW','England');
INSERT INTO players(name,club,age,position,nationality) VALUES ('Laurent Koscielny','Arsenal',31,'CB','France');
INSERT INTO players(name,club,age,position,nationality) VALUES ('Hector Bellerin','Arsenal',22,'RB','Spain');
INSERT INTO players(name,club,age,position,nationality) VALUES ('Olivier Giroud','Arsenal',30,'CF','France');
INSERT INTO players(name,club,age,position,nationality) VALUES ('Nacho Monreal','Arsenal',31,'LB','Spain');
INSERT INTO players(name,club,age,position,nationality) VALUES ('Shkodran Mustafi','Arsenal',25,'CB','Germany');
INSERT INTO players(name,club,age,position,nationality) VALUES ('Alex Iwobi','Arsenal',21,'LW','Nigeria');
INSERT INTO players(name,club,age,position,nationality) VALUES ('Granit Xhaka','Arsenal',24,'DM','Switzerland');
INSERT INTO players(name,club,age,position,nationality) VALUES ('Alex Oxlade-Chamberlain','Arsenal',23,'RM','England');
INSERT INTO players(name,club,age,position,nationality) VALUES ('Jack Wilshere','Arsenal',25,'CM','England');
INSERT INTO players(name,club,age,position,nationality) VALUES ('Aaron Ramsey','Arsenal',26,'CM','Wales');
INSERT INTO players(name,club,age,position,nationality) VALUES ('Francis Coquelin','Arsenal',26,'DM','France');
INSERT INTO players(name,club,age,position,nationality) VALUES ('Gabriel Paulista','Arsenal',26,'CB','Brazil');
INSERT INTO players(name,club,age,position,nationality) VALUES ('Kieran Gibbs','Arsenal',27,'LB','England');
INSERT INTO players(name,club,age,position,nationality) VALUES ('Santi Cazorla','Arsenal',32,'CM','Spain');
INSERT INTO players(name,club,age,position,nationality) VALUES ('Danny Welbeck','Arsenal',26,'CF','England');
INSERT INTO players(name,club,age,position,nationality) VALUES ('Rob Holding','Arsenal',21,'CB','England');
INSERT INTO players(name,club,age,position,nationality) VALUES ('Mohamed Elneny','Arsenal',25,'DM','Egypt');
INSERT INTO players(name,club,age,position,nationality) VALUES ('Lucas Perez','Arsenal',28,'CF','Spain');
INSERT INTO players(name,club,age,position,nationality) VALUES ('Emiliano Martinez','Arsenal',24,'GK','Argentina');
INSERT INTO players(name,club,age,position,nationality) VALUES ('David Ospina','Arsenal',28,'GK','Colombia');
INSERT INTO players(name,club,age,position,nationality) VALUES ('Carl Jenkinson','Arsenal',25,'RB','England');
INSERT INTO players(name,club,age,position,nationality) VALUES ('Per Mertesacker','Arsenal',32,'CB','Germany');
INSERT INTO players(name,club,age,position,nationality) VALUES ('Sead Kolasinac','Arsenal',24,'LB','Bosnia');
INSERT INTO players(name,club,age,position,nationality) VALUES ('Alexandre Lacazette','Arsenal',26,'CF','France');
INSERT INTO players(name,club,age,position,nationality) VALUES ('Joshua King','Bournemouth',25,'SS','Norway');
INSERT INTO players(name,club,age,position,nationality) VALUES ('Jermain Defoe','Bournemouth',34,'CF','England');
INSERT INTO players(name,club,age,position,nationality) VALUES ('Charlie Daniels','Bournemouth',30,'LB','England');
INSERT INTO players(name,club,age,position,nationality) VALUES ('Artur Boruc','Bournemouth',37,'GK','Poland');
INSERT INTO players(name,club,age,position,nationality) VALUES ('Steve Cook','Bournemouth',26,'CB','England');
INSERT INTO players(name,club,age,position,nationality) VALUES ('Junior Stanislas','Bournemouth',27,'LW','England');
INSERT INTO players(name,club,age,position,nationality) VALUES ('Adam Smith','Bournemouth',26,'RB','England');
INSERT INTO players(name,club,age,position,nationality) VALUES ('Ryan Fraser','Bournemouth',23,'LW','Scotland');
INSERT INTO players(name,club,age,position,nationality) VALUES ('Simon Francis','Bournemouth',32,'RB','England');
INSERT INTO players(name,club,age,position,nationality) VALUES ('Benik Afobe','Bournemouth',24,'CF','Congo DR');
INSERT INTO players(name,club,age,position,nationality) VALUES ('Harry Arter','Bournemouth',27,'CM','Ireland');
INSERT INTO players(name,club,age,position,nationality) VALUES ('Marc Pugh','Bournemouth',30,'LW','England');
INSERT INTO players(name,club,age,position,nationality) VALUES ('Callum Wilson','Bournemouth',25,'CF','England');
INSERT INTO players(name,club,age,position,nationality) VALUES ('Nathan Ake','Bournemouth',22,'CB','Netherlands');
INSERT INTO players(name,club,age,position,nationality) VALUES ('Dan Gosling','Bournemouth',27,'CM','England');
INSERT INTO players(name,club,age,position,nationality) VALUES ('Andrew Surman','Bournemouth',30,'CM','England');
INSERT INTO players(name,club,age,position,nationality) VALUES ('Jordon Ibe','Bournemouth',21,'RW','England');
INSERT INTO players(name,club,age,position,nationality) VALUES ('Lewis Cook','Bournemouth',20,'CM','England');
INSERT INTO players(name,club,age,position,nationality) VALUES ('Lys Mousset','Bournemouth',21,'CF','France');
INSERT INTO players(name,club,age,position,nationality) VALUES ('Adam Federici','Bournemouth',32,'GK','Australia');
INSERT INTO players(name,club,age,position,nationality) VALUES ('Max Gradel','Bournemouth',29,'LW','Cote d''Ivoire');
INSERT INTO players(name,club,age,position,nationality) VALUES ('Tyrone Mings','Bournemouth',24,'CB','England');
INSERT INTO players(name,club,age,position,nationality) VALUES ('Brad Smith','Bournemouth',23,'LB','Australia');
INSERT INTO players(name,club,age,position,nationality) VALUES ('Asmir Begovic','Bournemouth',30,'GK','Bosnia');
INSERT INTO players(name,club,age,position,nationality) VALUES ('Niki Maenpaa','Brighton',32,'GK','Finland');
INSERT INTO players(name,club,age,position,nationality) VALUES ('Mathew Ryan','Brighton',25,'GK','Australia');
INSERT INTO players(name,club,age,position,nationality) VALUES ('Lewis Dunk','Brighton',25,'CB','England');
INSERT INTO players(name,club,age,position,nationality) VALUES ('Shane Duffy','Brighton',25,'CB','Ireland');
INSERT INTO players(name,club,age,position,nationality) VALUES ('Uwe Hunemeier','Brighton',31,'CB','Germany');
INSERT INTO players(name,club,age,position,nationality) VALUES ('Bruno','Brighton',36,'RB','Argentina');
INSERT INTO players(name,club,age,position,nationality) VALUES ('Gaetan Bong','Brighton',29,'LB','Cameroon');
INSERT INTO players(name,club,age,position,nationality) VALUES ('Liam Rosenior','Brighton',33,'RB','England');
INSERT INTO players(name,club,age,position,nationality) VALUES ('Connor Goldson','Brighton',24,'CB','England');
INSERT INTO players(name,club,age,position,nationality) VALUES ('Markus Suttner','Brighton',30,'LB','Austria');
INSERT INTO players(name,club,age,position,nationality) VALUES ('Anthony Knockaert','Brighton',25,'RW','France');
INSERT INTO players(name,club,age,position,nationality) VALUES ('Dale Stephens','Brighton',27,'CM','England');
INSERT INTO players(name,club,age,position,nationality) VALUES ('Beram Kayal','Brighton',29,'CM','Israel');
INSERT INTO players(name,club,age,position,nationality) VALUES ('Steve Sidwell','Brighton',34,'CM','England');
INSERT INTO players(name,club,age,position,nationality) VALUES ('Solly March','Brighton',23,'RM','England');
INSERT INTO players(name,club,age,position,nationality) VALUES ('Jiri Skalak','Brighton',25,'LW','Czech Republic');
INSERT INTO players(name,club,age,position,nationality) VALUES ('Oliver Norwood','Brighton',26,'CM','Northern Ireland');
INSERT INTO players(name,club,age,position,nationality) VALUES ('Jamie Murphy','Brighton',27,'LW','Scotland');
INSERT INTO players(name,club,age,position,nationality) VALUES ('Pascal Gross','Brighton',26,'CM','Germany');
INSERT INTO players(name,club,age,position,nationality) VALUES ('Glenn Murray','Brighton',33,'CF','England');
INSERT INTO players(name,club,age,position,nationality) VALUES ('Tomer Hemed','Brighton',30,'CF','Israel');
INSERT INTO players(name,club,age,position,nationality) VALUES ('Sam Baldock','Brighton',28,'CF','England');
INSERT INTO players(name,club,age,position,nationality) VALUES ('Tom Heaton','Burnley',31,'GK','England');
INSERT INTO players(name,club,age,position,nationality) VALUES ('Sam Vokes','Burnley',27,'CF','Wales');
INSERT INTO players(name,club,age,position,nationality) VALUES ('Andre Gray','Burnley',26,'CF','England');
INSERT INTO players(name,club,age,position,nationality) VALUES ('Ben Mee','Burnley',27,'CB','England');
INSERT INTO players(name,club,age,position,nationality) VALUES ('Stephen Ward','Burnley',31,'LB','Ireland');
INSERT INTO players(name,club,age,position,nationality) VALUES ('Matthew Lowton','Burnley',28,'RB','England');
INSERT INTO players(name,club,age,position,nationality) VALUES ('Ashley Barnes','Burnley',27,'CF','England');
INSERT INTO players(name,club,age,position,nationality) VALUES ('Jeff Hendrick','Burnley',25,'CM','Ireland');
INSERT INTO players(name,club,age,position,nationality) VALUES ('Scott Arfield','Burnley',28,'LM','Canada');
INSERT INTO players(name,club,age,position,nationality) VALUES ('Steven Defour','Burnley',29,'CM','Belgium');
INSERT INTO players(name,club,age,position,nationality) VALUES ('Dean Marney','Burnley',33,'CM','England');
INSERT INTO players(name,club,age,position,nationality) VALUES ('Jack Cork','Burnley',28,'DM','England');
INSERT INTO players(name,club,age,position,nationality) VALUES ('Johann Berg Gudmundsson','Burnley',26,'RW','Iceland');
INSERT INTO players(name,club,age,position,nationality) VALUES ('Robbie Brady','Burnley',25,'LM','Ireland');
INSERT INTO players(name,club,age,position,nationality) VALUES ('James Tarkowski','Burnley',24,'CB','England');
INSERT INTO players(name,club,age,position,nationality) VALUES ('Ashley Westwood','Burnley',27,'DM','England');
INSERT INTO players(name,club,age,position,nationality) VALUES ('Kevin Long','Burnley',26,'CB','Ireland');
INSERT INTO players(name,club,age,position,nationality) VALUES ('Matthew Taylor','Burnley',35,'LM','England');
INSERT INTO players(name,club,age,position,nationality) VALUES ('Eden Hazard','Chelsea',26,'LW','Belgium');
INSERT INTO players(name,club,age,position,nationality) VALUES ('Diego Costa','Chelsea',28,'CF','Spain');
INSERT INTO players(name,club,age,position,nationality) VALUES ('Gary Cahill','Chelsea',31,'CB','England');
INSERT INTO players(name,club,age,position,nationality) VALUES ('Marcos Alonso Mendoza','Chelsea',26,'LB','Spain');
INSERT INTO players(name,club,age,position,nationality) VALUES ('Cesar Azpilicueta','Chelsea',27,'RB','Spain');
INSERT INTO players(name,club,age,position,nationality) VALUES ('Pedro','Chelsea',29,'RW','Spain');
INSERT INTO players(name,club,age,position,nationality) VALUES ('Thibaut Courtois','Chelsea',25,'GK','Belgium');
INSERT INTO players(name,club,age,position,nationality) VALUES ('David Luiz','Chelsea',30,'CB','Brazil');
INSERT INTO players(name,club,age,position,nationality) VALUES ('Cesc Fabregas','Chelsea',30,'CM','Spain');
INSERT INTO players(name,club,age,position,nationality) VALUES ('Willian','Chelsea',28,'RW','Brazil');
INSERT INTO players(name,club,age,position,nationality) VALUES ('Victor Moses','Chelsea',26,'RM','Nigeria');
INSERT INTO players(name,club,age,position,nationality) VALUES ('Nemanja Matic','Chelsea',28,'DM','Serbia');
INSERT INTO players(name,club,age,position,nationality) VALUES ('NGolo Kante','Chelsea',26,'DM','France');
INSERT INTO players(name,club,age,position,nationality) VALUES ('Willy Caballero','Chelsea',35,'GK','Argentina');
INSERT INTO players(name,club,age,position,nationality) VALUES ('Michy Batshuayi','Chelsea',23,'CF','Belgium');
INSERT INTO players(name,club,age,position,nationality) VALUES ('Kurt Zouma','Chelsea',22,'CB','France');
INSERT INTO players(name,club,age,position,nationality) VALUES ('Kenedy','Chelsea',21,'LB','Brazil');
INSERT INTO players(name,club,age,position,nationality) VALUES ('Eduardo Carvalho','Chelsea',34,'LW','Portugal');
INSERT INTO players(name,club,age,position,nationality) VALUES ('Antonio Rudiger','Chelsea',24,'CB','Germany');
INSERT INTO players(name,club,age,position,nationality) VALUES ('Tiemoue Bakayoko','Chelsea',22,'DM','France');
INSERT INTO players(name,club,age,position,nationality) VALUES ('Wilfried Zaha','Crystal Palace',24,'RW','Cote d''Ivoire');
INSERT INTO players(name,club,age,position,nationality) VALUES ('Christian Benteke','Crystal Palace',26,'CF','Belgium');
INSERT INTO players(name,club,age,position,nationality) VALUES ('Andros Townsend','Crystal Palace',26,'RW','England');
INSERT INTO players(name,club,age,position,nationality) VALUES ('Patrick van Aanholt','Crystal Palace',26,'LB','Netherlands');
INSERT INTO players(name,club,age,position,nationality) VALUES ('James McArthur','Crystal Palace',29,'CM','Scotland');
INSERT INTO players(name,club,age,position,nationality) VALUES ('Wayne Hennessey','Crystal Palace',30,'GK','Wales');
INSERT INTO players(name,club,age,position,nationality) VALUES ('Jason Puncheon','Crystal Palace',31,'AM','England');
INSERT INTO players(name,club,age,position,nationality) VALUES ('Yohan Cabaye','Crystal Palace',31,'CM','France');
INSERT INTO players(name,club,age,position,nationality) VALUES ('Joel Ward','Crystal Palace',27,'RB','England');
INSERT INTO players(name,club,age,position,nationality) VALUES ('James Tomkins','Crystal Palace',28,'CB','England');
INSERT INTO players(name,club,age,position,nationality) VALUES ('Scott Dann','Crystal Palace',30,'CB','England');
INSERT INTO players(name,club,age,position,nationality) VALUES ('Damien Delaney','Crystal Palace',36,'CB','Ireland');
INSERT INTO players(name,club,age,position,nationality) VALUES ('Jeffrey Schlupp','Crystal Palace',24,'LB','Ghana');
INSERT INTO players(name,club,age,position,nationality) VALUES ('Martin Kelly','Crystal Palace',27,'RB','England');
INSERT INTO players(name,club,age,position,nationality) VALUES ('Luka Milivojevic','Crystal Palace',26,'DM','Serbia');
INSERT INTO players(name,club,age,position,nationality) VALUES ('Lee Chung-yong','Crystal Palace',29,'RW','South Korea');
INSERT INTO players(name,club,age,position,nationality) VALUES ('Connor Wickham','Crystal Palace',24,'CF','England');
INSERT INTO players(name,club,age,position,nationality) VALUES ('Bakary Sako','Crystal Palace',29,'LW','Mali');
INSERT INTO players(name,club,age,position,nationality) VALUES ('Pape Souare','Crystal Palace',27,'LB','Senegal');
INSERT INTO players(name,club,age,position,nationality) VALUES ('Ruben Loftus-Cheek','Crystal Palace',21,'CM','England');
INSERT INTO players(name,club,age,position,nationality) VALUES ('Julian Speroni','Crystal Palace',38,'GK','Argentina');
INSERT INTO players(name,club,age,position,nationality) VALUES ('Ross Barkley','Everton',23,'AM','England');
INSERT INTO players(name,club,age,position,nationality) VALUES ('Leighton Baines','Everton',32,'LB','England');
INSERT INTO players(name,club,age,position,nationality) VALUES ('Seamus Coleman','Everton',28,'RB','Ireland');
INSERT INTO players(name,club,age,position,nationality) VALUES ('Ashley Williams','Everton',32,'CB','Wales');
INSERT INTO players(name,club,age,position,nationality) VALUES ('Kevin Mirallas','Everton',29,'RW','Belgium');
INSERT INTO players(name,club,age,position,nationality) VALUES ('Michael Keane','Everton',24,'CB','England');
INSERT INTO players(name,club,age,position,nationality) VALUES ('Phil Jagielka','Everton',34,'CB','England');
INSERT INTO players(name,club,age,position,nationality) VALUES ('Jordan Pickford','Everton',23,'GK','England');
INSERT INTO players(name,club,age,position,nationality) VALUES ('Joel Robles','Everton',27,'GK','Spain');
INSERT INTO players(name,club,age,position,nationality) VALUES ('Idrissa Gueye','Everton',27,'CM','Senegal');
INSERT INTO players(name,club,age,position,nationality) VALUES ('Wayne Rooney','Everton',31,'SS','England');
INSERT INTO players(name,club,age,position,nationality) VALUES ('Ramiro Funes Mori','Everton',26,'CB','Argentina');
INSERT INTO players(name,club,age,position,nationality) VALUES ('Maarten Stekelenburg','Everton',34,'GK','Netherlands');
INSERT INTO players(name,club,age,position,nationality) VALUES ('Gareth Barry','Everton',36,'DM','England');
INSERT INTO players(name,club,age,position,nationality) VALUES ('Tom Davies','Everton',19,'CM','England');
INSERT INTO players(name,club,age,position,nationality) VALUES ('Mason Holgate','Everton',20,'CB','England');
INSERT INTO players(name,club,age,position,nationality) VALUES ('Yannick Bolasie','Everton',28,'LW','Congo DR');
INSERT INTO players(name,club,age,position,nationality) VALUES ('Morgan Schneiderlin','Everton',27,'DM','France');
INSERT INTO players(name,club,age,position,nationality) VALUES ('Cuco Martina','Everton',27,'RB','Curacao');
INSERT INTO players(name,club,age,position,nationality) VALUES ('James McCarthy','Everton',26,'CM','Ireland');
INSERT INTO players(name,club,age,position,nationality) VALUES ('Aaron Lennon','Everton',30,'RW','England');
INSERT INTO players(name,club,age,position,nationality) VALUES ('Dominic Calvert-Lewin','Everton',20,'SS','England');
INSERT INTO players(name,club,age,position,nationality) VALUES ('Ademola Lookman','Everton',19,'LW','England');
INSERT INTO players(name,club,age,position,nationality) VALUES ('Matthew Pennington','Everton',22,'CB','England');
INSERT INTO players(name,club,age,position,nationality) VALUES ('Jonjoe Kenny','Everton',20,'RB','England');
INSERT INTO players(name,club,age,position,nationality) VALUES ('Muhamed Besic','Everton',24,'DM','Germany');
INSERT INTO players(name,club,age,position,nationality) VALUES ('Davy Klaassen','Everton',24,'AM','Netherlands');
INSERT INTO players(name,club,age,position,nationality) VALUES ('Sandro Ramirez','Everton',22,'CF','Spain');
INSERT INTO players(name,club,age,position,nationality) VALUES ('Joel Coleman','Huddersfield',21,'GK','England');
INSERT INTO players(name,club,age,position,nationality) VALUES ('Jonas Lossl','Huddersfield',28,'GK','Denmark');
INSERT INTO players(name,club,age,position,nationality) VALUES ('Christopher Schindler','Huddersfield',27,'CB','Germany');
INSERT INTO players(name,club,age,position,nationality) VALUES ('Chris Lowe','Huddersfield',28,'LB','Germany');
INSERT INTO players(name,club,age,position,nationality) VALUES ('Tommy Smith','Huddersfield',25,'RB','England');
INSERT INTO players(name,club,age,position,nationality) VALUES ('Michael Hefele','Huddersfield',26,'CB','Germany');
INSERT INTO players(name,club,age,position,nationality) VALUES ('Martin Cranie','Huddersfield',30,'CB','England');
INSERT INTO players(name,club,age,position,nationality) VALUES ('Jon Gorenc Stankovic','Huddersfield',21,'CB','Slovenia');
INSERT INTO players(name,club,age,position,nationality) VALUES ('Mark Hudson','Huddersfield',35,'CB','England');
INSERT INTO players(name,club,age,position,nationality) VALUES ('Mathias Jorgensen','Huddersfield',27,'CB','Denmark');
INSERT INTO players(name,club,age,position,nationality) VALUES ('Scott Malone','Huddersfield',26,'LB','England');
INSERT INTO players(name,club,age,position,nationality) VALUES ('Aaron Mooy','Huddersfield',26,'CM','Australia');
INSERT INTO players(name,club,age,position,nationality) VALUES ('Rajiv van La Parra','Huddersfield',26,'LW','Netherlands');
INSERT INTO players(name,club,age,position,nationality) VALUES ('Jonathan Hogg','Huddersfield',28,'CM','England');
INSERT INTO players(name,club,age,position,nationality) VALUES ('Philip Billing','Huddersfield',21,'CM','Denmark');
INSERT INTO players(name,club,age,position,nationality) VALUES ('Joe Lolley','Huddersfield',24,'RW','England');
INSERT INTO players(name,club,age,position,nationality) VALUES ('Jack Payne','Huddersfield',25,'CM','England');
INSERT INTO players(name,club,age,position,nationality) VALUES ('Dean Whitehead','Huddersfield',35,'CM','England');
INSERT INTO players(name,club,age,position,nationality) VALUES ('Harry Bunn','Huddersfield',24,'LW','England');
INSERT INTO players(name,club,age,position,nationality) VALUES ('Sean Scannell','Huddersfield',26,'RW','Ireland');
INSERT INTO players(name,club,age,position,nationality) VALUES ('Elias Kachunga','Huddersfield',25,'RW','Congo DR');
INSERT INTO players(name,club,age,position,nationality) VALUES ('Tom Ince','Huddersfield',25,'RW','England');
INSERT INTO players(name,club,age,position,nationality) VALUES ('Kasey Palmer','Huddersfield',20,'AM','England');
INSERT INTO players(name,club,age,position,nationality) VALUES ('Andy Williams','Huddersfield',26,'CB','Trinidad and Tobago');
INSERT INTO players(name,club,age,position,nationality) VALUES ('Nahki Wells','Huddersfield',27,'CF','Bermuda');
INSERT INTO players(name,club,age,position,nationality) VALUES ('Collin Quaner','Huddersfield',26,'CF','Germany');
INSERT INTO players(name,club,age,position,nationality) VALUES ('Laurent Depoitre','Huddersfield',28,'CF','Belgium');
INSERT INTO players(name,club,age,position,nationality) VALUES ('Steve Mounie','Huddersfield',22,'CF','Benin');
INSERT INTO players(name,club,age,position,nationality) VALUES ('Jamie Vardy','Leicester',30,'CF','England');
INSERT INTO players(name,club,age,position,nationality) VALUES ('Riyad Mahrez','Leicester',26,'RW','Algeria');
INSERT INTO players(name,club,age,position,nationality) VALUES ('Kasper Schmeichel','Leicester',30,'GK','Denmark');
INSERT INTO players(name,club,age,position,nationality) VALUES ('Christian Fuchs','Leicester',31,'LB','Austria');
INSERT INTO players(name,club,age,position,nationality) VALUES ('Marc Albrighton','Leicester',27,'LM','England');
INSERT INTO players(name,club,age,position,nationality) VALUES ('Robert Huth','Leicester',32,'CB','Germany');
INSERT INTO players(name,club,age,position,nationality) VALUES ('Danny Simpson','Leicester',30,'RB','England');
INSERT INTO players(name,club,age,position,nationality) VALUES ('Islam Slimani','Leicester',29,'CF','Algeria');
INSERT INTO players(name,club,age,position,nationality) VALUES ('Harry Maguire','Leicester',24,'CB','England');
INSERT INTO players(name,club,age,position,nationality) VALUES ('Danny Drinkwater','Leicester',27,'CM','England');
INSERT INTO players(name,club,age,position,nationality) VALUES ('Wes Morgan','Leicester',33,'CB','Jamaica');
INSERT INTO players(name,club,age,position,nationality) VALUES ('Shinji Okazaki','Leicester',31,'CF','Japan');
INSERT INTO players(name,club,age,position,nationality) VALUES ('Wilfred Ndidi','Leicester',20,'DM','Nigeria');
INSERT INTO players(name,club,age,position,nationality) VALUES ('Demarai Gray','Leicester',21,'LW','England');
INSERT INTO players(name,club,age,position,nationality) VALUES ('Daniel Amartey','Leicester',22,'DM','Ghana');
INSERT INTO players(name,club,age,position,nationality) VALUES ('Andy King','Leicester',28,'CM','Wales');
INSERT INTO players(name,club,age,position,nationality) VALUES ('Ahmed Musa','Leicester',24,'CF','Nigeria');
INSERT INTO players(name,club,age,position,nationality) VALUES ('Yohan Benalouane','Leicester',30,'CB','Tunisia');
INSERT INTO players(name,club,age,position,nationality) VALUES ('Leonardo Ulloa','Leicester',30,'CF','Argentina');
INSERT INTO players(name,club,age,position,nationality) VALUES ('Ben Chilwell','Leicester',20,'LB','England');
INSERT INTO players(name,club,age,position,nationality) VALUES ('Nampalys Mendy','Leicester',25,'DM','France');
INSERT INTO players(name,club,age,position,nationality) VALUES ('Ben Hamer','Leicester',29,'GK','England');
INSERT INTO players(name,club,age,position,nationality) VALUES ('Molla Wague','Leicester',26,'CB','Mali');
INSERT INTO players(name,club,age,position,nationality) VALUES ('Vicente Iborra','Leicester',29,'DM','Spain');
INSERT INTO players(name,club,age,position,nationality) VALUES ('Roberto Firmino','Liverpool',25,'SS','Brazil');
INSERT INTO players(name,club,age,position,nationality) VALUES ('Philippe Coutinho','Liverpool',25,'AM','Brazil');
INSERT INTO players(name,club,age,position,nationality) VALUES ('Sadio Mane','Liverpool',25,'LW','Senegal');
INSERT INTO players(name,club,age,position,nationality) VALUES ('Georginio Wijnaldum','Liverpool',26,'CM','Netherlands');
INSERT INTO players(name,club,age,position,nationality) VALUES ('James Milner','Liverpool',31,'CM','England');
INSERT INTO players(name,club,age,position,nationality) VALUES ('Adam Lallana','Liverpool',29,'AM','England');
INSERT INTO players(name,club,age,position,nationality) VALUES ('Nathaniel Clyne','Liverpool',26,'RB','England');
INSERT INTO players(name,club,age,position,nationality) VALUES ('Simon Mignolet','Liverpool',29,'GK','Belgium');
INSERT INTO players(name,club,age,position,nationality) VALUES ('Dejan Lovren','Liverpool',28,'CB','Croatia');
INSERT INTO players(name,club,age,position,nationality) VALUES ('Emre Can','Liverpool',23,'DM','Germany');
INSERT INTO players(name,club,age,position,nationality) VALUES ('Joel Matip','Liverpool',25,'CB','Cameroon');
INSERT INTO players(name,club,age,position,nationality) VALUES ('Divock Origi','Liverpool',22,'CF','Belgium');
INSERT INTO players(name,club,age,position,nationality) VALUES ('Jordan Henderson','Liverpool',27,'CM','England');
INSERT INTO players(name,club,age,position,nationality) VALUES ('Daniel Sturridge','Liverpool',27,'CF','England');
INSERT INTO players(name,club,age,position,nationality) VALUES ('Lucas Leiva','Liverpool',30,'DM','Brazil');
INSERT INTO players(name,club,age,position,nationality) VALUES ('Ragnar Klavan','Liverpool',31,'CB','Estonia');
INSERT INTO players(name,club,age,position,nationality) VALUES ('Mamadou Sakho','Liverpool',27,'CB','France');
INSERT INTO players(name,club,age,position,nationality) VALUES ('Loris Karius','Liverpool',24,'GK','Germany');
INSERT INTO players(name,club,age,position,nationality) VALUES ('Trent Alexander-Arnold','Liverpool',18,'RB','England');
INSERT INTO players(name,club,age,position,nationality) VALUES ('Alberto Moreno','Liverpool',25,'LB','Spain');
INSERT INTO players(name,club,age,position,nationality) VALUES ('Ben Woodburn','Liverpool',17,'LW','Wales');
INSERT INTO players(name,club,age,position,nationality) VALUES ('Marko Grujic','Liverpool',21,'CM','Serbia');
INSERT INTO players(name,club,age,position,nationality) VALUES ('Joe Gomez','Liverpool',20,'CB','England');
INSERT INTO players(name,club,age,position,nationality) VALUES ('Sheyi Ojo','Liverpool',20,'LW','England');
INSERT INTO players(name,club,age,position,nationality) VALUES ('Mohamed Salah','Liverpool',25,'RW','Egypt');
INSERT INTO players(name,club,age,position,nationality) VALUES ('Danny Ings','Liverpool',24,'CF','England');
INSERT INTO players(name,club,age,position,nationality) VALUES ('Dominic Solanke','Liverpool',19,'CF','England');
INSERT INTO players(name,club,age,position,nationality) VALUES ('Kevin De Bruyne','Manchester City',26,'AM','Belgium');
INSERT INTO players(name,club,age,position,nationality) VALUES ('Sergio Aguero','Manchester City',29,'CF','Argentina');
INSERT INTO players(name,club,age,position,nationality) VALUES ('Raheem Sterling','Manchester City',22,'LW','England');
INSERT INTO players(name,club,age,position,nationality) VALUES ('Kyle Walker','Manchester City',27,'RB','England');
INSERT INTO players(name,club,age,position,nationality) VALUES ('David Silva','Manchester City',31,'AM','Spain');
INSERT INTO players(name,club,age,position,nationality) VALUES ('Leroy Sane','Manchester City',21,'LW','Germany');
INSERT INTO players(name,club,age,position,nationality) VALUES ('Nicolas Otamendi','Manchester City',29,'CB','Argentina');
INSERT INTO players(name,club,age,position,nationality) VALUES ('Aleksandar Kolarov','Manchester City',31,'LB','Serbia');
INSERT INTO players(name,club,age,position,nationality) VALUES ('Yaya Toure','Manchester City',34,'CM','Cote d''Ivoire');
INSERT INTO players(name,club,age,position,nationality) VALUES ('Fernandinho','Manchester City',32,'DM','Brazil');
INSERT INTO players(name,club,age,position,nationality) VALUES ('Claudio Bravo','Manchester City',34,'GK','Chile');
INSERT INTO players(name,club,age,position,nationality) VALUES ('Gabriel Jesus','Manchester City',20,'CF','Brazil');
INSERT INTO players(name,club,age,position,nationality) VALUES ('John Stones','Manchester City',23,'CB','England');
INSERT INTO players(name,club,age,position,nationality) VALUES ('Vincent Kompany','Manchester City',31,'CB','Belgium');
INSERT INTO players(name,club,age,position,nationality) VALUES ('Kelechi Iheanacho','Manchester City',20,'CF','Nigeria');
INSERT INTO players(name,club,age,position,nationality) VALUES ('Ilkay Gundogan','Manchester City',26,'CM','Germany');
INSERT INTO players(name,club,age,position,nationality) VALUES ('Fernando','Manchester City',32,'DM','Brazil');
INSERT INTO players(name,club,age,position,nationality) VALUES ('Fabian Delph','Manchester City',27,'CM','England');
INSERT INTO players(name,club,age,position,nationality) VALUES ('Ederson Moraes','Manchester City',23,'GK','Brazil');
INSERT INTO players(name,club,age,position,nationality) VALUES ('Bernardo Silva','Manchester City',22,'RW','Portugal');
INSERT INTO players(name,club,age,position,nationality) VALUES ('Romelu Lukaku','Manchester United',24,'CF','Belgium');
INSERT INTO players(name,club,age,position,nationality) VALUES ('David de Gea','Manchester United',26,'GK','Spain');
INSERT INTO players(name,club,age,position,nationality) VALUES ('Antonio Valencia','Manchester United',31,'RB','Ecuador');
INSERT INTO players(name,club,age,position,nationality) VALUES ('Paul Pogba','Manchester United',24,'CM','France');
INSERT INTO players(name,club,age,position,nationality) VALUES ('Eric Bailly','Manchester United',23,'CB','Cote d''Ivoire');
INSERT INTO players(name,club,age,position,nationality) VALUES ('Juan Mata','Manchester United',29,'AM','Spain');
INSERT INTO players(name,club,age,position,nationality) VALUES ('Daley Blind','Manchester United',27,'LB','Netherlands');
INSERT INTO players(name,club,age,position,nationality) VALUES ('Ander Herrera','Manchester United',27,'CM','Spain');
INSERT INTO players(name,club,age,position,nationality) VALUES ('Anthony Martial','Manchester United',21,'CF','France');
INSERT INTO players(name,club,age,position,nationality) VALUES ('Marcos Rojo','Manchester United',27,'CB','Argentina');
INSERT INTO players(name,club,age,position,nationality) VALUES ('Marcus Rashford','Manchester United',19,'CF','England');
INSERT INTO players(name,club,age,position,nationality) VALUES ('Henrikh Mkhitaryan','Manchester United',28,'AM','Armenia');
INSERT INTO players(name,club,age,position,nationality) VALUES ('Matteo Darmian','Manchester United',27,'RB','Italy');
INSERT INTO players(name,club,age,position,nationality) VALUES ('Jesse Lingard','Manchester United',24,'LW','England');
INSERT INTO players(name,club,age,position,nationality) VALUES ('Phil Jones','Manchester United',25,'CB','England');
INSERT INTO players(name,club,age,position,nationality) VALUES ('Chris Smalling','Manchester United',27,'CB','England');
INSERT INTO players(name,club,age,position,nationality) VALUES ('Marouane Fellaini','Manchester United',29,'CM','Belgium');
INSERT INTO players(name,club,age,position,nationality) VALUES ('Luke Shaw','Manchester United',22,'LB','England');
INSERT INTO players(name,club,age,position,nationality) VALUES ('Michael Carrick','Manchester United',35,'DM','England');
INSERT INTO players(name,club,age,position,nationality) VALUES ('Ashley Young','Manchester United',32,'LM','England');
INSERT INTO players(name,club,age,position,nationality) VALUES ('Sergio Romero','Manchester United',30,'GK','Argentina');
INSERT INTO players(name,club,age,position,nationality) VALUES ('Axel Tuanzebe','Manchester United',19,'CB','England');
INSERT INTO players(name,club,age,position,nationality) VALUES ('Timothy Fosu-Mensah','Manchester United',19,'DM','Netherlands');
INSERT INTO players(name,club,age,position,nationality) VALUES ('Joel Castro Pereira','Manchester United',21,'GK','Portugal');
INSERT INTO players(name,club,age,position,nationality) VALUES ('Victor Lindelof','Manchester United',23,'CB','Sweden');
INSERT INTO players(name,club,age,position,nationality) VALUES ('Rob Elliot','Newcastle United',31,'GK','Ireland');
INSERT INTO players(name,club,age,position,nationality) VALUES ('Karl Darlow','Newcastle United',26,'GK','England');
INSERT INTO players(name,club,age,position,nationality) VALUES ('DeAndre Yedlin','Newcastle United',24,'RB','United States');
INSERT INTO players(name,club,age,position,nationality) VALUES ('Ciaran Clark','Newcastle United',27,'CB','Ireland');
INSERT INTO players(name,club,age,position,nationality) VALUES ('Lascelles','Newcastle United',27,'CB','England');
INSERT INTO players(name,club,age,position,nationality) VALUES ('Paul Dummett','Newcastle United',25,'LB','Wales');
INSERT INTO players(name,club,age,position,nationality) VALUES ('Grant Hanley','Newcastle United',25,'CB','Scotland');
INSERT INTO players(name,club,age,position,nationality) VALUES ('Jesus Gamez','Newcastle United',32,'RB','Spain');
INSERT INTO players(name,club,age,position,nationality) VALUES ('Florian Lejeune','Newcastle United',26,'CB','France');
INSERT INTO players(name,club,age,position,nationality) VALUES ('Massadio Haidara','Newcastle United',24,'LB','France');
INSERT INTO players(name,club,age,position,nationality) VALUES ('Matt Ritchie','Newcastle United',27,'RM','Scotland');
INSERT INTO players(name,club,age,position,nationality) VALUES ('Jonjo Shelvey','Newcastle United',25,'CM','England');
INSERT INTO players(name,club,age,position,nationality) VALUES ('Mohamed Diame','Newcastle United',30,'CM','Senegal');
INSERT INTO players(name,club,age,position,nationality) VALUES ('Jack Colback','Newcastle United',27,'DM','England');
INSERT INTO players(name,club,age,position,nationality) VALUES ('Christian Atsu','Newcastle United',25,'RW','Ghana');
INSERT INTO players(name,club,age,position,nationality) VALUES ('Siem de Jong','Newcastle United',28,'AM','Netherlands');
INSERT INTO players(name,club,age,position,nationality) VALUES ('Rolando Aarons','Newcastle United',21,'LW','England');
INSERT INTO players(name,club,age,position,nationality) VALUES ('Dwight Gayle','Newcastle United',26,'CF','England');
INSERT INTO players(name,club,age,position,nationality) VALUES ('Ayoze Perez','Newcastle United',23,'SS','Spain');
INSERT INTO players(name,club,age,position,nationality) VALUES ('Aleksandar Mitrovic','Newcastle United',22,'CF','Serbia');
INSERT INTO players(name,club,age,position,nationality) VALUES ('Daryl Murphy','Newcastle United',34,'CF','Ireland');
INSERT INTO players(name,club,age,position,nationality) VALUES ('Fraser Forster','Southampton',29,'GK','England');
INSERT INTO players(name,club,age,position,nationality) VALUES ('Nathan Redmond','Southampton',23,'RW','England');
INSERT INTO players(name,club,age,position,nationality) VALUES ('Ryan Bertrand','Southampton',27,'LB','England');
INSERT INTO players(name,club,age,position,nationality) VALUES ('Dusan Tadic','Southampton',28,'LW','Portugal');
INSERT INTO players(name,club,age,position,nationality) VALUES ('Cedric Soares','Southampton',25,'RB','Portugal');
INSERT INTO players(name,club,age,position,nationality) VALUES ('James Ward-Prowse','Southampton',22,'CM','England');
INSERT INTO players(name,club,age,position,nationality) VALUES ('Oriol Romeu','Southampton',25,'DM','Spain');
INSERT INTO players(name,club,age,position,nationality) VALUES ('Maya Yoshida','Southampton',28,'CB','Japan');
INSERT INTO players(name,club,age,position,nationality) VALUES ('Steven Davis','Southampton',32,'CM','Northern Ireland');
INSERT INTO players(name,club,age,position,nationality) VALUES ('Virgil van Dijk','Southampton',26,'CB','Netherlands');
INSERT INTO players(name,club,age,position,nationality) VALUES ('Charlie Austin','Southampton',28,'CF','England');
INSERT INTO players(name,club,age,position,nationality) VALUES ('Jack Stephens','Southampton',23,'CB','England');
INSERT INTO players(name,club,age,position,nationality) VALUES ('Shane Long','Southampton',30,'CF','Ireland');
INSERT INTO players(name,club,age,position,nationality) VALUES ('Sofiane Boufal','Southampton',23,'AM','Morocco');
INSERT INTO players(name,club,age,position,nationality) VALUES ('Jordy Clasie','Southampton',26,'DM','Netherlands');
INSERT INTO players(name,club,age,position,nationality) VALUES ('Pierre-Emile Hojbjerg','Southampton',21,'CM','Denmark');
INSERT INTO players(name,club,age,position,nationality) VALUES ('Manolo Gabbiadini','Southampton',25,'CF','Italy');
INSERT INTO players(name,club,age,position,nationality) VALUES ('Sam McQueen','Southampton',22,'LM','England');
INSERT INTO players(name,club,age,position,nationality) VALUES ('Matt Targett','Southampton',21,'LB','England');
INSERT INTO players(name,club,age,position,nationality) VALUES ('Josh Sims','Southampton',20,'RW','England');
INSERT INTO players(name,club,age,position,nationality) VALUES ('Jeremy Pied','Southampton',28,'RM','France');
INSERT INTO players(name,club,age,position,nationality) VALUES ('Jason McCarthy','Southampton',21,'CB','England');
INSERT INTO players(name,club,age,position,nationality) VALUES ('Jan Bednarek','Southampton',21,'CB','Poland');
INSERT INTO players(name,club,age,position,nationality) VALUES ('Joe Allen','Stoke City',27,'CM','Wales');
INSERT INTO players(name,club,age,position,nationality) VALUES ('Marko Arnautovic','Stoke City',28,'LW','England');
INSERT INTO players(name,club,age,position,nationality) VALUES ('Lee Grant','Stoke City',34,'GK','England');
INSERT INTO players(name,club,age,position,nationality) VALUES ('Erik Pieters','Stoke City',28,'LB','Netherlands');
INSERT INTO players(name,club,age,position,nationality) VALUES ('Steven Fletcher','Stoke City',30,'CF','Scotland');
INSERT INTO players(name,club,age,position,nationality) VALUES ('Ryan Shawcross','Stoke City',29,'CB','England');
INSERT INTO players(name,club,age,position,nationality) VALUES ('Xherdan Shaqiri','Stoke City',25,'RW','Switzerland');
INSERT INTO players(name,club,age,position,nationality) VALUES ('Peter Crouch','Stoke City',36,'CF','England');
INSERT INTO players(name,club,age,position,nationality) VALUES ('Glenn Whelan','Stoke City',33,'DM','Ireland');
INSERT INTO players(name,club,age,position,nationality) VALUES ('Charlie Adam','Stoke City',31,'CM','Scotland');
INSERT INTO players(name,club,age,position,nationality) VALUES ('Geoff Cameron','Stoke City',32,'CB','United States');
INSERT INTO players(name,club,age,position,nationality) VALUES ('Glen Johnson','Stoke City',32,'RB','England');
INSERT INTO players(name,club,age,position,nationality) VALUES ('Mame Biram Diouf','Stoke City',29,'CF','Senegal');
INSERT INTO players(name,club,age,position,nationality) VALUES ('Ramadan Sobhi','Stoke City',20,'LW','Egypt');
INSERT INTO players(name,club,age,position,nationality) VALUES ('Marc Muniesa','Stoke City',25,'CB','Spain');
INSERT INTO players(name,club,age,position,nationality) VALUES ('Bojan Krkic','Stoke City',26,'SS','Spain');
INSERT INTO players(name,club,age,position,nationality) VALUES ('Phil Bardsley','Stoke City',32,'RB','Scotland');
INSERT INTO players(name,club,age,position,nationality) VALUES ('Saido Berahino','Stoke City',23,'CF','England');
INSERT INTO players(name,club,age,position,nationality) VALUES ('Giannelli Imbula','Stoke City',24,'DM','France');
INSERT INTO players(name,club,age,position,nationality) VALUES ('Jack Butland','Stoke City',24,'GK','England');
INSERT INTO players(name,club,age,position,nationality) VALUES ('Ibrahim Afellay','Stoke City',31,'LM','Netherlands');
INSERT INTO players(name,club,age,position,nationality) VALUES ('Josh Tymon','Stoke City',18,'LB','England');
INSERT INTO players(name,club,age,position,nationality) VALUES ('Gylfi Sigurdsson','Swansea City',27,'AM','Iceland');
INSERT INTO players(name,club,age,position,nationality) VALUES ('Fernando Llorente','Swansea City',32,'CF','Spain');
INSERT INTO players(name,club,age,position,nationality) VALUES ('Lukasz Fabianski','Swansea City',32,'GK','Poland');
INSERT INTO players(name,club,age,position,nationality) VALUES ('Leroy Fer','Swansea City',27,'CM','Netherlands');
INSERT INTO players(name,club,age,position,nationality) VALUES ('Alfie Mawson','Swansea City',23,'CB','England');
INSERT INTO players(name,club,age,position,nationality) VALUES ('Kyle Naughton','Swansea City',28,'RB','England');
INSERT INTO players(name,club,age,position,nationality) VALUES ('Wayne Routledge','Swansea City',32,'LW','England');
INSERT INTO players(name,club,age,position,nationality) VALUES ('Federico Fernandez','Swansea City',28,'CB','Argentina');
INSERT INTO players(name,club,age,position,nationality) VALUES ('Martin Olsson','Swansea City',29,'LB','Sweden');
INSERT INTO players(name,club,age,position,nationality) VALUES ('Tom Carroll','Swansea City',25,'CM','England');
INSERT INTO players(name,club,age,position,nationality) VALUES ('Ki Sung-yueng','Swansea City',28,'DM','South Korea');
INSERT INTO players(name,club,age,position,nationality) VALUES ('Jordan Ayew','Swansea City',25,'CF','Ghana');
INSERT INTO players(name,club,age,position,nationality) VALUES ('Modou Barrow','Swansea City',24,'RW','The Gambia');
INSERT INTO players(name,club,age,position,nationality) VALUES ('Leon Britton','Swansea City',34,'CM','England');
INSERT INTO players(name,club,age,position,nationality) VALUES ('Stephen Kingsley','Swansea City',22,'LB','Scotland');
INSERT INTO players(name,club,age,position,nationality) VALUES ('Angel Rangel','Swansea City',34,'RB','Spain');
INSERT INTO players(name,club,age,position,nationality) VALUES ('Luciano Narsingh','Swansea City',26,'RW','Netherlands');
INSERT INTO players(name,club,age,position,nationality) VALUES ('Jay Fulton','Swansea City',23,'CM','Scotland');
INSERT INTO players(name,club,age,position,nationality) VALUES ('Jefferson Montero','Swansea City',27,'LW','Ecuador');
INSERT INTO players(name,club,age,position,nationality) VALUES ('Mike van der Hoorn','Swansea City',24,'CB','Netherlands');
INSERT INTO players(name,club,age,position,nationality) VALUES ('Nathan Dyer','Swansea City',29,'RW','England');
INSERT INTO players(name,club,age,position,nationality) VALUES ('Oliver McBurnie','Swansea City',21,'CF','Scotland');
INSERT INTO players(name,club,age,position,nationality) VALUES ('Kristoffer Nordfeldt','Swansea City',28,'GK','Sweden');
INSERT INTO players(name,club,age,position,nationality) VALUES ('Roque Mesa','Swansea City',28,'CM','Spain');
INSERT INTO players(name,club,age,position,nationality) VALUES ('Tammy Abraham','Swansea City',19,'CF','England');
INSERT INTO players(name,club,age,position,nationality) VALUES ('Dele Alli','Tottenham',21,'CM','England');
INSERT INTO players(name,club,age,position,nationality) VALUES ('Harry Kane','Tottenham',23,'CF','England');
INSERT INTO players(name,club,age,position,nationality) VALUES ('Christian Eriksen','Tottenham',25,'AM','Denmark');
INSERT INTO players(name,club,age,position,nationality) VALUES ('Son Heung-min','Tottenham',25,'LW','South Korea');
INSERT INTO players(name,club,age,position,nationality) VALUES ('Hugo Lloris','Tottenham',30,'GK','France');
INSERT INTO players(name,club,age,position,nationality) VALUES ('Jan Vertonghen','Tottenham',30,'CB','Belgium');
INSERT INTO players(name,club,age,position,nationality) VALUES ('Toby Alderweireld','Tottenham',28,'CB','Belgium');
INSERT INTO players(name,club,age,position,nationality) VALUES ('Victor Wanyama','Tottenham',26,'DM','Kenya');
INSERT INTO players(name,club,age,position,nationality) VALUES ('Eric Dier','Tottenham',23,'DM','England');
INSERT INTO players(name,club,age,position,nationality) VALUES ('Ben Davies','Tottenham',24,'LB','Wales');
INSERT INTO players(name,club,age,position,nationality) VALUES ('Danny Rose','Tottenham',27,'LB','England');
INSERT INTO players(name,club,age,position,nationality) VALUES ('Mousa Dembele','Tottenham',30,'CM','Belgium');
INSERT INTO players(name,club,age,position,nationality) VALUES ('Vincent Janssen','Tottenham',23,'CF','Netherlands');
INSERT INTO players(name,club,age,position,nationality) VALUES ('Kieran Trippier','Tottenham',26,'RB','England');
INSERT INTO players(name,club,age,position,nationality) VALUES ('Moussa Sissokho','Tottenham',27,'CM','France');
INSERT INTO players(name,club,age,position,nationality) VALUES ('Harry Winks','Tottenham',21,'CM','England');
INSERT INTO players(name,club,age,position,nationality) VALUES ('Erik Lamela','Tottenham',25,'RW','Argentina');
INSERT INTO players(name,club,age,position,nationality) VALUES ('Michel Vorm','Tottenham',33,'GK','Netherlands');
INSERT INTO players(name,club,age,position,nationality) VALUES ('Georges-Kevin N%27Koudou','Tottenham',22,'LW','France');
INSERT INTO players(name,club,age,position,nationality) VALUES ('Kevin Wimmer','Tottenham',24,'CB','Austria');
INSERT INTO players(name,club,age,position,nationality) VALUES ('Etienne Capoue','Watford',29,'DM','France');
INSERT INTO players(name,club,age,position,nationality) VALUES ('Troy Deeney','Watford',29,'CF','England');
INSERT INTO players(name,club,age,position,nationality) VALUES ('Heurelho Gomes','Watford',36,'GK','Brazil');
INSERT INTO players(name,club,age,position,nationality) VALUES ('Jose Holebas','Watford',33,'LB','Greece');
INSERT INTO players(name,club,age,position,nationality) VALUES ('Miguel Britos','Watford',32,'CB','Uruguay');
INSERT INTO players(name,club,age,position,nationality) VALUES ('Sebastian Prodl','Watford',30,'CB','Austria');
INSERT INTO players(name,club,age,position,nationality) VALUES ('Nordin Amrabat','Watford',30,'LW','Morocco');
INSERT INTO players(name,club,age,position,nationality) VALUES ('Younes Kaboul','Watford',31,'CB','France');
INSERT INTO players(name,club,age,position,nationality) VALUES ('Tom Cleverley','Watford',27,'CM','England');
INSERT INTO players(name,club,age,position,nationality) VALUES ('Daryl Janmaat','Watford',27,'RB','Netherlands');
INSERT INTO players(name,club,age,position,nationality) VALUES ('Valon Behrami','Watford',32,'DM','Switzerland');
INSERT INTO players(name,club,age,position,nationality) VALUES ('Roberto Pereyra','Watford',26,'AM','Argentina');
INSERT INTO players(name,club,age,position,nationality) VALUES ('Stefano Okaka','Watford',27,'CF','Italy');
INSERT INTO players(name,club,age,position,nationality) VALUES ('Abdoulaye Doucoure','Watford',24,'CM','France');
INSERT INTO players(name,club,age,position,nationality) VALUES ('Kabasele','Watford',26,'CB','Belgium');
INSERT INTO players(name,club,age,position,nationality) VALUES ('Craig Cathcart','Watford',28,'CB','Northern Ireland');
INSERT INTO players(name,club,age,position,nationality) VALUES ('Isaac Success','Watford',21,'LW','Nigeria');
INSERT INTO players(name,club,age,position,nationality) VALUES ('Adrian Mariappa','Watford',30,'CB','Jamaica');
INSERT INTO players(name,club,age,position,nationality) VALUES ('Nathaniel Chalobah','Watford',22,'DM','England');
INSERT INTO players(name,club,age,position,nationality) VALUES ('Mauro Zarate','Watford',30,'SS','Argentina');
INSERT INTO players(name,club,age,position,nationality) VALUES ('Costel Pantilimon','Watford',30,'GK','Romania');
INSERT INTO players(name,club,age,position,nationality) VALUES ('Kiko Femenia','Watford',26,'RB','Spain');
INSERT INTO players(name,club,age,position,nationality) VALUES ('Steven Berghuis','Watford',25,'RW','Netherlands');
INSERT INTO players(name,club,age,position,nationality) VALUES ('Will Hughes','Watford',22,'CM','England');
INSERT INTO players(name,club,age,position,nationality) VALUES ('Gareth McAuley','West Brom',37,'CB','Northern Ireland');
INSERT INTO players(name,club,age,position,nationality) VALUES ('Salomon Rondon','West Brom',27,'CF','Venezuela');
INSERT INTO players(name,club,age,position,nationality) VALUES ('Matt Phillips','West Brom',26,'RW','Scotland');
INSERT INTO players(name,club,age,position,nationality) VALUES ('Ben Foster','West Brom',34,'GK','England');
INSERT INTO players(name,club,age,position,nationality) VALUES ('Nacer Chadli','West Brom',27,'LW','Belgium');
INSERT INTO players(name,club,age,position,nationality) VALUES ('Craig Dawson','West Brom',27,'RB','England');
INSERT INTO players(name,club,age,position,nationality) VALUES ('Chris Brunt','West Brom',32,'LM','Northern Ireland');
INSERT INTO players(name,club,age,position,nationality) VALUES ('James Morrison','West Brom',31,'CM','Scotland');
INSERT INTO players(name,club,age,position,nationality) VALUES ('Jonny Evans','West Brom',29,'CB','Northern Ireland');
INSERT INTO players(name,club,age,position,nationality) VALUES ('Jake Livermore','West Brom',27,'DM','England');
INSERT INTO players(name,club,age,position,nationality) VALUES ('Allan Nyom','West Brom',29,'RB','Cameroon');
INSERT INTO players(name,club,age,position,nationality) VALUES ('Jay Rodriguez','West Brom',27,'CF','England');
INSERT INTO players(name,club,age,position,nationality) VALUES ('Claudio Yacob','West Brom',30,'DM','Argentina');
INSERT INTO players(name,club,age,position,nationality) VALUES ('James McClean','West Brom',28,'LW','Ireland');
INSERT INTO players(name,club,age,position,nationality) VALUES ('Hal Robson-Kanu','West Brom',28,'LW','Wales');
INSERT INTO players(name,club,age,position,nationality) VALUES ('Jonathan Leko','West Brom',18,'RW','England');
INSERT INTO players(name,club,age,position,nationality) VALUES ('Sam Field','West Brom',19,'CM','England');
INSERT INTO players(name,club,age,position,nationality) VALUES ('Boaz Myhill','West Brom',34,'GK','Wales');
INSERT INTO players(name,club,age,position,nationality) VALUES ('Ahmed Hegazy','West Brom',26,'CB','Egypt');
INSERT INTO players(name,club,age,position,nationality) VALUES ('Robert Snodgrass','West Ham',29,'RW','Scotland');
INSERT INTO players(name,club,age,position,nationality) VALUES ('Manuel Lanzini','West Ham',24,'AM','Argentina');
INSERT INTO players(name,club,age,position,nationality) VALUES ('Michail Antonio','West Ham',27,'RW','England');
INSERT INTO players(name,club,age,position,nationality) VALUES ('Winston Reid','West Ham',29,'CB','New Zealand');
INSERT INTO players(name,club,age,position,nationality) VALUES ('Jose Fonte','West Ham',33,'CB','Portugal');
INSERT INTO players(name,club,age,position,nationality) VALUES ('Andre Ayew','West Ham',27,'LW','Ghana');
INSERT INTO players(name,club,age,position,nationality) VALUES ('Cheikhou Kouyate','West Ham',27,'DM','Senegal');
INSERT INTO players(name,club,age,position,nationality) VALUES ('Mark Noble','West Ham',30,'CM','England');
INSERT INTO players(name,club,age,position,nationality) VALUES ('Darren Randolph','West Ham',30,'GK','Ireland');
INSERT INTO players(name,club,age,position,nationality) VALUES ('James Collins','West Ham',33,'CB','Wales');
INSERT INTO players(name,club,age,position,nationality) VALUES ('Andy Carroll','West Ham',28,'CF','England');
INSERT INTO players(name,club,age,position,nationality) VALUES ('Adrian','West Ham',30,'GK','Spain');
INSERT INTO players(name,club,age,position,nationality) VALUES ('Aaron Cresswell','West Ham',27,'LB','England');
INSERT INTO players(name,club,age,position,nationality) VALUES ('Pedro Obiang','West Ham',25,'CM','Spain');
INSERT INTO players(name,club,age,position,nationality) VALUES ('Sofiane Feghouli','West Ham',27,'RW','Algeria');
INSERT INTO players(name,club,age,position,nationality) VALUES ('Angelo Ogbonna','West Ham',29,'CB','Italy');
INSERT INTO players(name,club,age,position,nationality) VALUES ('Pablo Zabaleta','West Ham',32,'RB','Argentina');
INSERT INTO players(name,club,age,position,nationality) VALUES ('Edimilson Fernandes','West Ham',21,'CM','Switzerland');
INSERT INTO players(name,club,age,position,nationality) VALUES ('Arthur Masuaku','West Ham',23,'LB','Congo DR');
INSERT INTO players(name,club,age,position,nationality) VALUES ('Sam Byram','West Ham',23,'RB','England');
INSERT INTO players(name,club,age,position,nationality) VALUES ('Ashley Fletcher','West Ham',21,'CF','England');
INSERT INTO players(name,club,age,position,nationality) VALUES ('Diafra Sakho','West Ham',27,'CF','Senegal');
